ID_Activo,Fecha,Clase,Categoría,Subcategoría,Institución,Nombre_Producto,Moneda,Valor_Original,Tipo_Cambio_a_CLP,Valor_CLP,Ticker,Identificador_Cuenta,Detalle_Adicional
afp_habitat_obligatorio,16/4/2025,Activo,Activo Fijo,Afp,,habitat,CLP,43911757,1,43911757,,,
apv_fintual,16/4/2025,Activo,Activo Fijo,Apv,,fintual,CLP,2270252,1,2270252,,,
apv_soyfocus_a,16/4/2025,Activo,Activo Fijo,Apv,,soyfocus,CLP,10968882,1,10968882,,,
apv_soyfocus_b,16/4/2025,Activo,Activo Fijo,Apv,,soyfocus,CLP,2208377,1,2208377,,,
prop_huanuco_2290,16/4/2025,Activo,Activo Fijo,Propiedades,(N/A),huanuco 2290,CLP,92292317,1,92292317,,,
prop_carmen_590,16/4/2025,Activo,Activo Fijo,Propiedades,(N/A),carmen 590,CLP,90000000,39192,82303137,,,
cta_bice_vista,16/4/2025,Activo,Circulante,,,banco bice,CLP,102846,1,102846,,,
cta_estado_vista,16/4/2025,Activo,Circulante,,,banco estado,CLP,31176,1,31176,,,
cta_scotia_cte,16/4/2025,Activo,Circulante,,,banco scotiabank,CLP,1468242,1,1468242,,,
efectivo_cash,16/4/2025,Activo,Circulante,,,cash,CLP,100000,1,100000,,,
cta_bci_cte,16/4/2025,Activo,Circulante,Cuenta corriente,,banco bci,CLP,24439485,1,24439485,,,
ffm_betterplan_conservador,16/4/2025,Activo,Inversión Líquida,,,betterplan,CLP,30212385,1,30212385,,,
cta_consorcio_vista,16/4/2025,Activo,Inversión Líquida,,,consorcio,CLP,65328149,1,65328149,,,
inv_coopeuch_cuotas,16/4/2025,Activo,Inversión Líquida,,,cuotas de participacion coopeuch,CLP,442680,1,442680,,,
apv_fintual,16/4/2025,Activo,Inversión Líquida,,,fintual,CLP,4406321,1,4406321,,,
etf_itau_cfmdivo,16/4/2025,Activo,Inversión Líquida,,,banco itau,CLP,20785834,1,20785834,,,
acc_renta4_cap,16/4/2025,Activo,Inversión Líquida,,,renta4,CLP,2881546,1,2881546,,,
ffm_soyfocus_conservador,16/4/2025,Activo,Inversión Líquida,,,soyfocus,CLP,9995371,1,9995371,,,
afp_habitat_obligatorio,2/5/2025,Activo,Activo Fijo,Afp,,habitat,CLP,44970346,1,44970346,,,
apv_fintual,2/5/2025,Activo,Activo Fijo,Apv,,fintual,CLP,2366901,1,2366901,,,
apv_soyfocus_a,2/5/2025,Activo,Activo Fijo,Apv,,soyfocus,CLP,11218502,1,11218502,,,
apv_soyfocus_b,2/5/2025,Activo,Activo Fijo,Apv,,soyfocus,CLP,2258603,1,2258603,,,
prop_carmen_590,2/5/2025,Activo,Activo Fijo,Propiedades,(N/A),carmen 590,CLP,82085640,1,82085640,,,
prop_huanuco_2290,2/5/2025,Activo,Activo Fijo,Propiedades,(N/A),huanuco 2290,CLP,82085640,1,82085640,,,
cta_bice_vista,2/5/2025,Activo,Circulante,,,banco bice,CLP,27641,1,27641,,,
cta_chile_vista,2/5/2025,Activo,Circulante,,,banco chile,CLP,10000,1,10000,,,
cta_estado_vista,2/5/2025,Activo,Circulante,,,banco estado,CLP,4512,1,4512,,,
cta_scotia_cte,2/5/2025,Activo,Circulante,,,banco scotiabank,CLP,1412076,1,1412076,,,
efectivo_cash,2/5/2025,Activo,Circulante,,,cash,CLP,50000,1,50000,,,
cta_bci_cte,2/5/2025,Activo,Circulante,Cuenta corriente,,banco bci,CLP,1249908,1,1249908,,,
cta_consorcio_vista,2/5/2025,Activo,Inversión Líquida,,,consorcio,CLP,78065884,1,78065884,,,
inv_coopeuch_cuotas,2/5/2025,Activo,Inversión Líquida,,,coopeuch,CLP,442680,1,442680,,,
apv_fintual,2/5/2025,Activo,Inversión Líquida,,,fintual,CLP,4591874,1,4591874,,,
etf_itau_cfmdivo,2/5/2025,Activo,Inversión Líquida,Etf,banco itau,banco itau,CLP,12001565,1,12001565,banco itau,,
ffm_betterplan_conservador,2/5/2025,Activo,Inversión Líquida,Fondo,,betterplan,CLP,5029009,1,5029009,,,
ffm_itau_moneymarket,2/5/2025,Activo,Inversión Líquida,Fondo,,banco itau,CLP,19361602,1,19361602,,,
ffm_soyfocus_conservador,2/5/2025,Activo,Inversión Líquida,Fondo,,soyfocus,CLP,10038751,1,10038751,,,
acc_renta4_cap,2/5/2025,Activo,Inversión Líquida,Acción,,renta4,CLP,2321296,1,2321296,renta4,,
afp_habitat_obligatorio,17/5/2025,Activo,Activo Fijo,Afp,,habitat,CLP,43982085,1,43982085,,,
apv_fintual,17/5/2025,Activo,Activo Fijo,Apv,,fintual,CLP,2481190,1,2481190,,,
apv_soyfocus_a,17/5/2025,Activo,Activo Fijo,Apv,,soyfocus,CLP,10024903,1,10024903,,,
apv_soyfocus_b,17/5/2025,Activo,Activo Fijo,Apv,,soyfocus,CLP,2350056,1,2350056,,,
prop_huanuco_2290,17/5/2025,Activo,Activo Fijo,Propiedades,(N/A),huanuco 2290,CLP,82085640,1,82085640,,,
prop_carmen_590,17/5/2025,Activo,Activo Fijo,Propiedades,(N/A),carmen 590,CLP,82085640,1,82085640,,,
cta_bice_vista,17/5/2025,Activo,Circulante,,,banco bice,CLP,87030,1,87030,,,
cta_chile_vista,17/5/2025,Activo,Circulante,,,banco chile,CLP,2955,1,2955,,,
cta_estado_vista,17/5/2025,Activo,Circulante,,,banco estado,CLP,7522,1,7522,,,
cta_scotia_cte,17/5/2025,Activo,Circulante,,,banco scotiabank,CLP,696756,1,696756,,,
efectivo_cash,17/5/2025,Activo,Circulante,,,cash,CLP,50000,1,50000,,,
cta_bci_cte,17/5/2025,Activo,Circulante,Cuenta corriente,,banco bci,CLP,1880011,1,1880011,,,
cta_consorcio_vista,17/5/2025,Activo,Inversión Líquida,,,consorcio,CLP,78062398,1,78062398,,,
inv_coopeuch_cuotas,17/5/2025,Activo,Inversión Líquida,,,coopeuch,CLP,442680,1,442680,,,
apv_fintual,17/5/2025,Activo,Inversión Líquida,,,fintual,CLP,4811776,1,4811776,,,
acc_itau_enelchile,17/5/2025,Activo,Inversión Líquida,Acción,,banco itau,CLP,986211,1,986211,banco itau,,
etf_itau_cfmdivo,17/5/2025,Activo,Inversión Líquida,Etf,banco itau,banco itau,CLP,12405485,1,12405485,banco itau,,
ffm_betterplan_conservador,17/5/2025,Activo,Inversión Líquida,Fondo,,betterplan,CLP,5045361,1,5045361,,,
ffm_itau_moneymarket,17/5/2025,Activo,Inversión Líquida,Fondo,,banco itau,CLP,18429352,1,18429352,,,
ffm_soyfocus_conservador,17/5/2025,Activo,Inversión Líquida,Fondo,,soyfocus,CLP,10101021,1,10101021,,,
acc_renta4_cap,17/5/2025,Activo,Inversión Líquida,Acción,,renta4,CLP,2554760,1,2554760,renta4,,
afp_habitat_obligatorio,2/6/2025,Activo,Activo Fijo,Afp,habitat,ahorro obligatorio,CLP,44304437,1,44304437,,,
apv_soyfocus_a,2/6/2025,Activo,Activo Fijo,Apv,soyfocus,jubilacion con apv - a,CLP,14243286,1,14243286,,,
apv_soyfocus_b,2/6/2025,Activo,Activo Fijo,Apv,soyfocus,jubilacion con apv - b,CLP,2332609,1,2332609,,,
prop_carmen_590,2/6/2025,Activo,Activo Fijo,Propiedades,(N/A),carmen 590,UF,2100,39192,82303137,,,
prop_huanuco_2290,2/6/2025,Activo,Activo Fijo,Propiedades,(N/A),huanuco 2290,UF,2100,39192,82303137,,,
efectivo_cash,2/6/2025,Activo,Circulante,,cash,,CLP,50000,1,50000,,,
cta_scotia_cte,2/6/2025,Activo,Circulante,Cuenta corriente,banco scotiabank,,CLP,2030000,1,2030000,,,
cta_bice_vista,2/6/2025,Activo,Circulante,Cuenta vista,banco bice,,CLP,197014,1,197014,,,
cta_chile_vista,2/6/2025,Activo,Circulante,Cuenta vista,banco chile,,CLP,10000,1,10000,,,
cta_estado_vista,2/6/2025,Activo,Circulante,Cuenta vista,banco estado,,CLP,8692,1,8692,,,
cta_consorcio_vista,2/6/2025,Activo,Inversión Líquida,,consorcio,cuenta mas,CLP,85374717,1,85374717,,,
inv_coopeuch_cuotas,2/6/2025,Activo,Inversión Líquida,,coopeuch,Cuotas de Participación,CLP,442680,1,442680,,,
inv_estado_ahorro,2/6/2025,Activo,Inversión Líquida,Cuenta ahorro,banco estado,,CLP,205176,1,205176,,,
cta_bci_cte,2/6/2025,Activo,Circulante,Cuenta corriente,banco bci,,CLP,861051,1,861051,,,
etf_itau_cfmdivo,2/6/2025,Activo,Inversión Líquida,Etf,banco itau,cfmdivo,CLP,11923718,1,11923718,cfmdivo,,
ffm_itau_moneymarket,2/6/2025,Activo,Inversión Líquida,Fondo,banco itau,money market,CLP,18632322,1,18632322,,,
ffm_betterplan_rentaclp,2/6/2025,Activo,Inversión Líquida,Fondo,betterplan,moneda renta clp,CLP,20336546,1,20336546,,,
ffm_betterplan_conservador,2/6/2025,Activo,Inversión Líquida,Fondo,betterplan,portafolio conservador,CLP,5114182,1,5114182,,,
ffm_betterplan_toesca,2/6/2025,Activo,Inversión Líquida,Fondo,betterplan,toesca deuda privada,CLP,5058981,1,5058981,,,
ffm_soyfocus_conservador,2/6/2025,Activo,Inversión Líquida,Fondo,soyfocus,portafolio conservador,CLP,10107503,1,10107503,,,
acc_itau_enelchile,2/6/2025,Activo,Inversión Líquida,Acción,banco itau,enelchile,CLP,937556,1,937556,enelchile,,
acc_renta4_cap,2/6/2025,Activo,Inversión Líquida,Acción,renta4,cap,CLP,717100,1,717100,cap,,
afp_habitat_obligatorio,8/6/2025,Activo,Activo Fijo,Afp,habitat,ahorro obligatorio,CLP,44768296,1,44768296,,,
apv_soyfocus_a,8/6/2025,Activo,Activo Fijo,Apv,soyfocus,jubilacion con apv - a,CLP,14338881,1,14338881,,,
apv_soyfocus_b,8/6/2025,Activo,Activo Fijo,Apv,soyfocus,jubilacion con apv - b,CLP,2348343,1,2348343,,,
prop_carmen_590,8/6/2025,Activo,Activo Fijo,Propiedades,(N/A),carmen 590,UF,2100,39192,82303137,,,
prop_huanuco_2290,8/6/2025,Activo,Activo Fijo,Propiedades,(N/A),huanuco 2290,UF,2100,39192,82303137,,,
cta_scotia_cte,8/6/2025,Activo,Circulante,Cuenta corriente,banco scotiabank,,CLP,1000000,1,1000000,,,
cta_bice_vista,8/6/2025,Activo,Circulante,Cuenta vista,banco bice,,CLP,494712,1,494712,,,
cta_chile_vista,8/6/2025,Activo,Circulante,Cuenta vista,banco chile,,CLP,10000,1,10000,,,
cta_estado_vista,8/6/2025,Activo,Circulante,Cuenta vista,banco estado,,CLP,1022,1,1022,,,
efectivo_cash,8/6/2025,Activo,Circulante,Efectivo,cash,,CLP,50000,1,50000,,,
inv_estado_ahorro,8/6/2025,Activo,Inversión Líquida,Cuenta ahorro,banco estado,,CLP,205176,1,205176,,,
inv_coopeuch_cuotas,8/6/2025,Activo,Inversión Líquida,Cuenta ahorro,coopeuch,Cuotas de Participación,CLP,442680,1,442680,,,
cta_bci_cte,8/6/2025,Activo,Circulante,Cuenta corriente,banco bci,,CLP,2011734,1,2011734,,,
cta_consorcio_vista,8/6/2025,Activo,Inversión Líquida,Cuenta vista,consorcio,cuenta mas,CLP,85374717,1,85374717,,,
etf_itau_cfmdivo,8/6/2025,Activo,Inversión Líquida,Etf,banco itau,cfmdivo,CLP,11924453,1,11924453,cfmdivo,,
ffm_itau_moneymarket,8/6/2025,Activo,Inversión Líquida,Fondo,banco itau,money market,CLP,18647086,1,18647086,,,
ffm_betterplan_rentaclp,8/6/2025,Activo,Inversión Líquida,Fondo,betterplan,moneda renta clp,CLP,20389670,1,20389670,,,
ffm_betterplan_conservador,8/6/2025,Activo,Inversión Líquida,Fondo,betterplan,portafolio conservador,CLP,5124586,1,5124586,,,
ffm_betterplan_toesca,8/6/2025,Activo,Inversión Líquida,Fondo,betterplan,toesca deuda privada,CLP,5066413,1,5066413,,,
ffm_soyfocus_conservador,8/6/2025,Activo,Inversión Líquida,Fondo,soyfocus,portafolio conservador,CLP,10122731,1,10122731,,,
acc_itau_enelchile,8/6/2025,Activo,Inversión Líquida,Acción,banco itau,enelchile,CLP,922523,1,922523,enelchile,,
acc_renta4_cap,8/6/2025,Activo,Inversión Líquida,Acción,renta4,cap,CLP,742802,1,742802,cap,,
afp_habitat_obligatorio,13/6/2025,Activo,Activo Fijo,Afp,habitat,ahorro obligatorio,CLP,44421886,1,44421886,,,
apv_soyfocus_a,13/6/2025,Activo,Activo Fijo,Apv,soyfocus,jubilacion con apv - a,CLP,14492843,1,14492843,,,
apv_soyfocus_b,13/6/2025,Activo,Activo Fijo,Apv,soyfocus,jubilacion con apv - b,CLP,2357179,1,2357179,,,
prop_carmen_590,13/6/2025,Activo,Activo Fijo,Propiedades,(N/A),carmen 590,UF,2100,39223,82367544,,,
prop_huanuco_2290,13/6/2025,Activo,Activo Fijo,Propiedades,(N/A),huanuco 2290,UF,2100,39223,82367544,,,
cta_scotia_cte,13/6/2025,Activo,Circulante,Cuenta corriente,banco scotiabank,,CLP,1000000,1,1000000,,,
cta_bice_vista,13/6/2025,Activo,Circulante,Cuenta vista,banco bice,,CLP,275834,1,275834,,,
cta_chile_vista,13/6/2025,Activo,Circulante,Cuenta vista,banco chile,,CLP,10000,1,10000,,,
cta_estado_vista,13/6/2025,Activo,Circulante,Cuenta vista,banco estado,,CLP,3752,1,3752,,,
efectivo_cash,13/6/2025,Activo,Circulante,Efectivo,cash,,CLP,50000,1,50000,,,
cta_consorcio_vista,13/6/2025,Activo,Inversión Líquida,Cuenta vista,consorcio,cuenta mas,CLP,79996503,1,79996503,,,
cta_bci_cte,13/6/2025,Activo,Circulante,Cuenta corriente,banco bci,,CLP,16039543,1,16039543,,,
etf_itau_cfmdivo,13/6/2025,Activo,Inversión Líquida,Etf,banco itau,cfmdivo,CLP,11990549,1,11990549,cfmdivo,,
ffm_itau_moneymarket,13/6/2025,Activo,Inversión Líquida,Fondo,banco itau,money market,CLP,0,1,0,,,
ffm_betterplan_conservador,13/6/2025,Activo,Inversión Líquida,Fondo,betterplan,portafolio conservador,CLP,10134722,1,10134722,,,
ffm_soyfocus_conservador,13/6/2025,Activo,Inversión Líquida,Fondo,soyfocus,portafolio conservador,CLP,13136100,1,13136100,,,
acc_itau_enelchile,13/6/2025,Activo,Inversión Líquida,Acción,banco itau,enelchile,CLP,954093,1,954093,enelchile,,
acc_renta4_cap,13/6/2025,Activo,Inversión Líquida,Acción,renta4,cap,CLP,708580,1,708580,cap,,
inv_estado_ahorro,13/6/2025,Activo,Inversión Poco Líquida,Cuenta ahorro,banco estado,,CLP,205176,1,205176,,,
inv_coopeuch_cuotas,13/6/2025,Activo,Inversión Poco Líquida,Cuotas de Participación,coopeuch,Cuotas de Participación,CLP,442680,1,442680,,,
ffm_betterplan_rentaclp,13/6/2025,Activo,Inversión Poco Líquida,Fondo,betterplan,moneda renta clp,CLP,21444819,1,21444819,,,
afp_habitat_obligatorio,30/6/2025,Activo,Activo Fijo,Afp,habitat,ahorro obligatorio,CLP,45334455,1,45334455,,,
apv_soyfocus_a,30/6/2025,Activo,Activo Fijo,Apv,soyfocus,jubilacion con apv - a,CLP,14836652,1,14836652,,,
apv_soyfocus_b,30/6/2025,Activo,Activo Fijo,Apv,soyfocus,jubilacion con apv - b,CLP,2397053,1,2397053,,,
prop_carmen_590,30/6/2025,Activo,Activo Fijo,Propiedades,(N/A),carmen 590,UF,2100,39259,82444383,,,
prop_huanuco_2290,30/6/2025,Activo,Activo Fijo,Propiedades,(N/A),huanuco 2290,UF,2100,39259,82444383,,,
cta_scotia_cte,30/6/2025,Activo,Circulante,Cuenta corriente,banco scotiabank,,CLP,1000000,1,1000000,,,
cta_bice_vista,30/6/2025,Activo,Circulante,Cuenta vista,banco bice,,CLP,394766,1,394766,,,
cta_chile_vista,30/6/2025,Activo,Circulante,Cuenta vista,banco chile,,CLP,10000,1,10000,,,
cta_estado_vista,30/6/2025,Activo,Circulante,Cuenta vista,banco estado,,CLP,632,1,632,,,
efectivo_cash,30/6/2025,Activo,Circulante,Efectivo,cash,,CLP,50000,1,50000,,,
cta_consorcio_vista,30/6/2025,Activo,Inversión Líquida,Cuenta vista,consorcio,cuenta mas,CLP,89996503,1,89996503,,,
cta_bci_cte,30/6/2025,Activo,Circulante,Cuenta corriente,banco bci,,CLP,106983,1,106983,,,
etf_itau_cfmdivo,30/6/2025,Activo,Inversión Líquida,Etf,banco itau,cfmdivo,CLP,12832890,1,12832890,cfmdivo,,
ffm_betterplan_conservador,30/6/2025,Activo,Inversión Líquida,Fondo,betterplan,portafolio conservador,CLP,12196778,1,12196778,,,
ffm_soyfocus_conservador,30/6/2025,Activo,Inversión Líquida,Fondo,soyfocus,portafolio conservador,CLP,15185658,1,15185658,,,
acc_itau_enelchile,30/6/2025,Activo,Inversión Líquida,Acción,banco itau,enelchile,CLP,933729,1,933729,enelchile,,
acc_renta4_cap,30/6/2025,Activo,Inversión Líquida,Acción,renta4,cap,CLP,678760,1,678760,cap,,
inv_estado_ahorro,30/6/2025,Activo,Inversión Poco Líquida,Cuenta ahorro,banco estado,,CLP,205176,1,205176,,,
inv_coopeuch_cuotas,30/6/2025,Activo,Inversión Poco Líquida,Cuotas de Participación,coopeuch,Cuotas de Participación,CLP,478380,1,478380,,,
ffm_betterplan_rentaclp,30/6/2025,Activo,Inversión Poco Líquida,Fondo,betterplan,moneda renta clp,CLP,21532872,1,21532872,,,
afp_habitat_obligatorio,1/7/2025,Activo,Activo Fijo,Afp,habitat,ahorro obligatorio,CLP,45334455,1,45334455,,,
apv_soyfocus_a,1/7/2025,Activo,Activo Fijo,Apv,soyfocus,jubilacion con apv - a,CLP,14836652,1,14836652,,,
apv_soyfocus_b,1/7/2025,Activo,Activo Fijo,Apv,soyfocus,jubilacion con apv - b,CLP,2397053,1,2397053,,,
prop_carmen_590,1/7/2025,Activo,Activo Fijo,Propiedades,(N/A),carmen 590,UF,2100,39259,82444383,,,
prop_huanuco_2290,1/7/2025,Activo,Activo Fijo,Propiedades,(N/A),huanuco 2290,UF,2100,39259,82444383,,,
cta_scotia_cte,1/7/2025,Activo,Circulante,Cuenta corriente,banco scotiabank,,CLP,1000000,1,1000000,,,
cta_bice_vista,1/7/2025,Activo,Circulante,Cuenta vista,banco bice,,CLP,394766,1,394766,,,
cta_chile_vista,1/7/2025,Activo,Circulante,Cuenta vista,banco chile,,CLP,10000,1,10000,,,
cta_estado_vista,1/7/2025,Activo,Circulante,Cuenta vista,banco estado,,CLP,632,1,632,,,
efectivo_cash,1/7/2025,Activo,Circulante,Efectivo,cash,,CLP,50000,1,50000,,,
cta_consorcio_vista,1/7/2025,Activo,Inversión Líquida,Cuenta vista,consorcio,cuenta mas,CLP,89996503,1,89996503,,,
cta_bci_cte,1/7/2025,Activo,Circulante,Cuenta corriente,banco bci,,CLP,106983,1,106983,,,
etf_itau_cfmdivo,1/7/2025,Activo,Inversión Líquida,Etf,banco itau,cfmdivo,CLP,12832890,1,12832890,cfmdivo,,
ffm_betterplan_conservador,1/7/2025,Activo,Inversión Líquida,Fondo,betterplan,portafolio conservador,CLP,12196778,1,12196778,,,
ffm_soyfocus_conservador,1/7/2025,Activo,Inversión Líquida,Fondo,soyfocus,portafolio conservador,CLP,15185658,1,15185658,,,
acc_itau_enelchile,1/7/2025,Activo,Inversión Líquida,Acción,banco itau,enelchile,CLP,933729,1,933729,enelchile,,
acc_renta4_cap,1/7/2025,Activo,Inversión Líquida,Acción,renta4,cap,CLP,678760,1,678760,cap,,
inv_estado_ahorro,1/7/2025,Activo,Inversión Poco Líquida,Cuenta ahorro,banco estado,,CLP,205176,1,205176,,,
inv_coopeuch_cuotas,1/7/2025,Activo,Inversión Poco Líquida,Cuotas de Participación,coopeuch,Cuotas de Participación,CLP,478380,1,478380,,,
ffm_betterplan_rentaclp,1/7/2025,Activo,Inversión Poco Líquida,Fondo,betterplan,moneda renta clp,CLP,21532872,1,21532872,,,
afp_habitat_obligatorio,12/7/2025,Activo,Activo Fijo,Afp,habitat,ahorro obligatorio,CLP,45288469,1,45288469,,,
apv_soyfocus_a,12/7/2025,Activo,Activo Fijo,Apv,soyfocus,jubilacion con apv - a,CLP,15279521,1,15279521,,,
apv_soyfocus_b,12/7/2025,Activo,Activo Fijo,Apv,soyfocus,jubilacion con apv - b,CLP,2468566,1,2468566,,,
prop_carmen_590,12/7/2025,Activo,Activo Fijo,Propiedades,(N/A),carmen 590,UF,2100,39280,82488945,,,
prop_huanuco_2290,12/7/2025,Activo,Activo Fijo,Propiedades,(N/A),huanuco 2290,UF,2100,39280,82488945,,,
cta_scotia_cte,12/7/2025,Activo,Circulante,Cuenta corriente,banco scotiabank,,CLP,1147639,1,1147639,,,
cta_bice_vista,12/7/2025,Activo,Circulante,Cuenta vista,banco bice,,CLP,49558,1,49558,,,
cta_chile_vista,12/7/2025,Activo,Circulante,Cuenta vista,banco chile,,CLP,5750,1,5750,,,
cta_estado_vista,12/7/2025,Activo,Circulante,Cuenta vista,banco estado,,CLP,5082,1,5082,,,
cta_itau_vista,12/7/2025,Activo,Circulante,Cuenta vista,banco itau,,CLP,2698,1,2698,,,
efectivo_cash,12/7/2025,Activo,Circulante,Efectivo,cash,,CLP,50000,1,50000,,,
cta_consorcio_vista,12/7/2025,Activo,Inversión Líquida,Cuenta vista,consorcio,cuenta mas,CLP,90005000,1,90005000,,,
cta_bci_cte,12/7/2025,Activo,Circulante,Cuenta corriente,banco bci,,CLP,745477,1,745477,,,
etf_itau_cfmdivo,12/7/2025,Activo,Inversión Líquida,Etf,banco itau,cfmdivo,CLP,12783600,1,12783600,cfmdivo,,
ffm_betterplan_conservador,12/7/2025,Activo,Inversión Líquida,Fondo,betterplan,portafolio conservador,CLP,12278705,1,12278705,,,
ffm_soyfocus_conservador,12/7/2025,Activo,Inversión Líquida,Fondo,soyfocus,portafolio conservador,CLP,15259700,1,15259700,,,
acc_itau_enelchile,12/7/2025,Activo,Inversión Líquida,Acción,banco itau,enelchile,CLP,915552,1,915552,enelchile,,
acc_renta4_cap,12/7/2025,Activo,Inversión Líquida,Acción,renta4,cap,CLP,676460,1,676460,cap,,
inv_estado_ahorro,12/7/2025,Activo,Inversión Poco Líquida,Cuenta ahorro,banco estado,,CLP,206827,1,206827,,,
inv_coopeuch_cuotas,12/7/2025,Activo,Inversión Poco Líquida,Cuotas de Participación,coopeuch,Cuotas de Participación,CLP,478380,1,478380,,,
ffm_betterplan_rentaclp,12/7/2025,Activo,Inversión Poco Líquida,Fondo,betterplan,moneda renta clp,CLP,21654635,1,21654635,,,
afp_habitat_obligatorio,9/8/2025,Activo,Activo Fijo,Afp,habitat,ahorro obligatorio,CLP,46568434,1,46568434,,,
apv_soyfocus_a,9/8/2025,Activo,Activo Fijo,Apv,soyfocus,jubilacion con apv - a,CLP,15862386,1,15862386,,,
apv_soyfocus_b,9/8/2025,Activo,Activo Fijo,Apv,soyfocus,jubilacion con apv - b,CLP,2530431,1,2530431,,,
prop_carmen_590,9/8/2025,Activo,Activo Fijo,Propiedades,(N/A),carmen 590,UF,2100,39174,82265295,,,
prop_huanuco_2290,9/8/2025,Activo,Activo Fijo,Propiedades,(N/A),huanuco 2290,CLP,100886000,1,100886000,,,
cta_scotia_cte,9/8/2025,Activo,Circulante,Cuenta corriente,banco scotiabank,,CLP,2100000,1,2100000,,,
cta_bice_vista,9/8/2025,Activo,Circulante,Cuenta vista,banco bice,,CLP,111649,1,111649,,,
cta_chile_vista,9/8/2025,Activo,Circulante,Cuenta vista,banco chile,,CLP,15750,1,15750,,,
cta_estado_vista,9/8/2025,Activo,Circulante,Cuenta vista,banco estado,,CLP,6499,1,6499,,,
cta_itau_vista,9/8/2025,Activo,Circulante,Cuenta vista,banco itau,,CLP,211,1,211,,,
div_global66_prepago,9/8/2025,Activo,Circulante,Dolar,global66,tarjeta prepago,CLP,170000,1,170000,,,
efectivo_cash,9/8/2025,Activo,Circulante,Efectivo,cash,,CLP,200000,1,200000,,,
prestamo_s_castro,9/8/2025,Activo,Inversión Poco Líquida,Credito personal,sandor castro,,CLP,4000000,1,4000000,,,
cta_consorcio_vista,9/8/2025,Activo,Inversión Líquida,Cuenta vista,consorcio,cuenta mas,CLP,73403835,1,73403835,,,
cta_bci_cte,9/8/2025,Activo,Circulante,Cuenta corriente,banco bci,,CLP,3405297,1,3405297,,,
etf_itau_cfmdivo,9/8/2025,Activo,Inversión Líquida,Etf,banco itau,cfmdivo,CLP,13850340,1,13850340,cfmdivo,,
ffm_betterplan_conservador,9/8/2025,Activo,Inversión Líquida,Fondo,betterplan,portafolio conservador,CLP,15452723,1,15452723,,,
ffm_soyfocus_conservador,9/8/2025,Activo,Inversión Líquida,Fondo,soyfocus,portafolio conservador,CLP,18382440,1,18382440,,,
acc_itau_enelchile,9/8/2025,Activo,Inversión Líquida,Acción,banco itau,enelchile,CLP,878378,1,878378,enelchile,,
inv_estado_ahorro,9/8/2025,Activo,Inversión Poco Líquida,Cuenta ahorro,banco estado,,CLP,206827,1,206827,,,
inv_coopeuch_cuotas,9/8/2025,Activo,Inversión Poco Líquida,Cuotas de Participación,coopeuch,Cuotas de Participación,CLP,514080,1,514080,,,
cta_scotia_cte,15/8/2025,Activo,Circulante,Cuenta corriente,banco scotiabank,,CLP,2600000,1,2600000,,,
afp_habitat_obligatorio,15/8/2025,Activo,Activo Fijo,Afp,habitat,ahorro obligatorio,CLP,46602547,1,46602547,,,
apv_soyfocus_a,15/8/2025,Activo,Activo Fijo,Apv,soyfocus,jubilacion con apv - a,CLP,15977469,1,15977469,,,
apv_soyfocus_b,15/8/2025,Activo,Activo Fijo,Apv,soyfocus,jubilacion con apv - b,CLP,2548754,1,2548754,,,
prop_carmen_590,15/8/2025,Activo,Activo Fijo,Propiedades,(N/A),carmen 590,UF,2100,39190,82299084,,,
prop_huanuco_2290,15/8/2025,Activo,Activo Fijo,Propiedades,(N/A),huanuco 2290,CLP,100914353,1,100914353,,,
cta_bice_vista,15/8/2025,Activo,Circulante,Cuenta vista,banco bice,,CLP,61333,1,61333,,,
cta_chile_vista,15/8/2025,Activo,Circulante,Cuenta vista,banco chile,,CLP,15750,1,15750,,,
cta_estado_vista,15/8/2025,Activo,Circulante,Cuenta vista,banco estado,,CLP,3339,1,3339,,,
cta_itau_vista,15/8/2025,Activo,Circulante,Cuenta vista,banco itau,,CLP,0,1,0,,,
div_global66_prepago,15/8/2025,Activo,Circulante,Dolar,global66,tarjeta prepago,CLP,322534,1,322534,,,
efectivo_cash,15/8/2025,Activo,Circulante,Efectivo,cash,,CLP,200000,1,200000,,,
prestamo_s_castro,15/8/2025,Activo,Inversión Poco Líquida,Credito personal,sandor castro,transferencia 21 de julio 2025,CLP,4000000,1,4000000,,,
cta_consorcio_vista,15/8/2025,Activo,Inversión Líquida,Cuenta vista,consorcio,cuenta mas,CLP,68403835,1,68403835,,,
cta_bci_cte,15/8/2025,Activo,Circulante,Cuenta corriente,banco bci,,CLP,4242544,1,4242544,,,
etf_itau_cfmdivo,15/8/2025,Activo,Inversión Líquida,Etf,banco itau,cfmdivo,CLP,15121952,1,15121952,cfmdivo,,
ffm_betterplan_conservador,15/8/2025,Activo,Inversión Líquida,Fondo,betterplan,portafolio conservador,CLP,16551162,1,16551162,,,
ffm_soyfocus_conservador,15/8/2025,Activo,Inversión Líquida,Fondo,soyfocus,portafolio conservador,CLP,19410687,1,19410687,,,
acc_itau_enelchile,15/8/2025,Activo,Inversión Líquida,Acción,banco itau,enelchile,CLP,902022,1,902022,enelchile,,
inv_estado_ahorro,15/8/2025,Activo,Inversión Poco Líquida,Cuenta ahorro,banco estado,,CLP,206827,1,206827,,,
inv_coopeuch_cuotas,15/8/2025,Activo,Inversión Poco Líquida,Cuotas de Participación,coopeuch,Cuotas de Participación,CLP,514080,1,514080,,,
ffm_betterplan_rentaclp,15/8/2025,Activo,Inversión Poco Líquida,Fondo,betterplan,moneda renta clp,CLP,22869211,1,22869211,,,
ffm_betterplan_toesca,15/8/2025,Activo,Inversión Poco Líquida,Fondo,betterplan,toesca deuda privada,CLP,6139848,1,6139848,,,
pas_cheque_pie_huanuco,15/8/2025,Pasivo,Pasivo a Largo Plazo,Cheques,inmobiliaria activa,pie huanuco,CLP,21730000,1,21730000,,,
pas_bci_hipotecario,15/8/2025,Pasivo,Pasivo a Largo Plazo,Credito hipotecario,banco bci,hipotecario,CLP,68063912,1,68063912,,,
pas_coopeuch_hipotecario,15/8/2025,Pasivo,Pasivo a Largo Plazo,Credito hipotecario,coopeuch,hipotecario,CLP,65197591,1,65197591,,,
pas_sii_impuestos,15/8/2025,Pasivo,Pasivo a Largo Plazo,Impuestos,sii,27 bis 177 utm,CLP,12199371,1,12199371,,,
afp_habitat_obligatorio,5/9/2025,Activo,Activo Fijo,Afp,habitat,,CLP,47330930,1,47330930,,,
apv_soyfocus_b,5/9/2025,Activo,Activo Fijo,Apv,soyfocus,jubilacion con apv - b,CLP,2580552,1,2580552,,,
apv_soyfocus_a,5/9/2025,Activo,Activo Fijo,Apv,soyfocus,jubilacion con apv - a,CLP,16176963,1,16176963,,,
prop_carmen_590,5/9/2025,Activo,Activo Fijo,Propiedades,(N/A),carmen 590,UF,2100,39440,82824063,,,
prop_huanuco_2290,5/9/2025,Activo,Activo Fijo,Propiedades,(N/A),huanuco 2290,CLP,99428315,1,99428315,,,
cta_bice_vista,5/9/2025,Activo,Circulante,Cuenta vista,banco bice,,CLP,44983,1,44983,,,
cta_chile_vista,5/9/2025,Activo,Circulante,Cuenta vista,banco chile,,CLP,2076,1,2076,,,
cta_estado_vista,5/9/2025,Activo,Circulante,Cuenta vista,banco estado,,CLP,17795,1,17795,,,
cta_scotia_cte,5/9/2025,Activo,Circulante,Cuenta corriente,banco scotiabank,,CLP,2200009,1,2200009,,,
efectivo_cash,5/9/2025,Activo,Circulante,Efectivo,cash,,CLP,200000,1,200000,,,
div_global66_prepago,5/9/2025,Activo,Circulante,Dolar,global66,tarjeta prepago,CLP,382326,1,382326,,,
cta_bci_cte,5/9/2025,Activo,Circulante,Cuenta corriente,banco bci,,CLP,17078666,1,17078666,,,
etf_itau_cfmdivo,5/9/2025,Activo,Inversión Líquida,Etf,banco itau,cfmdivo,CLP,15929841,1,15929841,cfmdivo,,
acc_itau_enelchile,5/9/2025,Activo,Inversión Líquida,Acción,banco itau,enelchile,CLP,981291,1,981291,enelchile,,
inv_betterplan_ahorro,5/9/2025,Activo,Inversión Líquida,Cuenta ahorro,betterplan,,CLP,102276,1,102276,,,
ffm_betterplan_conservador,5/9/2025,Activo,Inversión Líquida,Fondo,betterplan,portafolio conservador,CLP,17674023,1,17674023,,,
cta_consorcio_vista,5/9/2025,Activo,Inversión Líquida,Cuenta vista,consorcio,cuenta mas,CLP,50000000,1,50000000,,,
prestamo_s_castro,5/9/2025,Activo,Inversión Poco Líquida,Credito personal,sandor castro,transferencia 21 de julio 2025,CLP,4000000,1,4000000,,,
ffm_soyfocus_conservador,5/9/2025,Activo,Inversión Líquida,Fondo,soyfocus,portafolio conservador,CLP,21483993,1,21483993,,,
ffm_soyfocus_riesgo_oct24,5/9/2025,Activo,Inversión Líquida,Fondo,soyfocus,oct 2024 alto riesgo,CLP,5057214,1,5057214,,,
inv_estado_ahorro,5/9/2025,Activo,Inversión Poco Líquida,Cuenta ahorro,banco estado,plazo giro diferido,CLP,205176,1,205176,,,
ffm_betterplan_rentaclp,5/9/2025,Activo,Inversión Poco Líquida,Fondo,betterplan,moneda renta clp,CLP,23976571,1,23976571,,,
ffm_betterplan_toesca,5/9/2025,Activo,Inversión Poco Líquida,Fondo,betterplan,toesca deuda privada,CLP,6171024,1,6171024,,,
inv_coopeuch_cuotas,5/9/2025,Activo,Inversión Poco Líquida,Cuotas de Participación,coopeuch,Cuotas de Participación,CLP,514080,1,514080,,,
pas_bci_hipotecario,5/9/2025,Pasivo,Pasivo a Largo Plazo,Credito hipotecario,banco bci,hipotecario,CLP,68692029,1,68692029,,,
pas_bci_tdc_black,5/9/2025,Pasivo,Pasivo Circulante,Tarjeta credito,banco bci,mastercard black,CLP,1634685,1,1634685,,,
pas_coopeuch_hipotecario,5/9/2025,Pasivo,Pasivo a Largo Plazo,Credito hipotecario,coopeuch,hipotecario,CLP,65744494,1,65744494,,,
pas_cheque_pie_huanuco,5/9/2025,Pasivo,Pasivo a Largo Plazo,Cheques,inmobiliaria activa,pie huanuco,CLP,21200000,1,21200000,,,
pas_sii_impuestos,5/9/2025,Pasivo,Pasivo a Largo Plazo,Impuestos,sii,27 bis 177 utm,CLP,12259905,1,12259905,,,
afp_habitat_obligatorio,18/9/2025,Activo,Activo Fijo,Afp,habitat,,CLP,47330930,,,,,
apv_soyfocus_b,18/9/2025,Activo,Activo Fijo,Apv,soyfocus,jubilacion con apv - b,CLP,2581197,1,2581197,,,
apv_soyfocus_a,18/9/2025,Activo,Activo Fijo,Apv,soyfocus,jubilacion con apv - a,CLP,16380292,1,16380292,,,
prop_carmen_590,18/9/2025,Activo,Activo Fijo,Propiedades,(N/A),carmen 590,UF,2100,39485,82918500,,,
prop_huanuco_2290,18/9/2025,Activo,Activo Fijo,Propiedades,(N/A),huanuco 2290,UF,2500,39485,98712500,,,
cta_bice_vista,18/9/2025,Activo,Circulante,Cuenta vista,banco bice,,CLP,51863,1,51863,,,
cta_chile_vista,18/9/2025,Activo,Circulante,Cuenta vista,banco chile,,CLP,3053,1,3053,,,
cta_estado_vista,18/9/2025,Activo,Circulante,Cuenta vista,banco estado,,CLP,6895,1,6895,,,
cta_scotia_cte,18/9/2025,Activo,Circulante,Cuenta corriente,banco scotiabank,,CLP,2450000,1,2450000,,,
efectivo_cash,18/9/2025,Activo,Circulante,Efectivo,cash,cash,CLP,180000,1,180000,,,
div_global66_prepago,18/9/2025,Activo,Circulante,Dolar,global66,tarjeta prepago,USD,400,955,382000,,,
cta_bci_cte,18/9/2025,Activo,Circulante,Cuenta corriente,banco bci,,CLP,7963050,1,7963050,,,
etf_itau_cfmdivo,18/9/2025,Activo,Inversión Líquida,Etf,banco itau,cfmdivo,CLP,17836430,1,17836430,cfmdivo,,
acc_itau_enelchile,18/9/2025,Activo,Inversión Líquida,Acción,banco itau,enelchile,CLP,971724,1,971724,enelchile,,
inv_betterplan_ahorro,18/9/2025,Activo,Inversión Líquida,Cuenta ahorro,betterplan,,CLP,102284,1,102284,,,
ffm_betterplan_conservador,18/9/2025,Activo,Inversión Líquida,Fondo,betterplan,portafolio conservador,CLP,18730963,1,18730963,,,
cta_consorcio_vista,18/9/2025,Activo,Inversión Líquida,Cuenta vista,consorcio,cuenta mas,CLP,49996485,1,49996485,,,
ffm_soyfocus_conservador,18/9/2025,Activo,Inversión Líquida,Fondo,soyfocus,portafolio conservador,CLP,23514292,1,23514292,,,
ffm_soyfocus_riesgo_oct24,18/9/2025,Activo,Inversión Líquida,Fondo,soyfocus,oct 2024 alto riesgo,CLP,8054782,1,8054782,,,
inv_estado_ahorro,18/9/2025,Activo,Inversión Poco Líquida,Cuenta ahorro,banco estado,,CLP,206827,1,206827,,,
ffm_betterplan_rentaclp,18/9/2025,Activo,Inversión Poco Líquida,Fondo,betterplan,moneda renta clp,CLP,24996903,1,24996903,,,
ffm_betterplan_toesca,18/9/2025,Activo,Inversión Poco Líquida,Fondo,betterplan,toesca deuda privada,CLP,6176743,1,6176743,,,
inv_coopeuch_cuotas,18/9/2025,Activo,Inversión Poco Líquida,Cuotas de Participación,coopeuch,coopeuch,CLP,514080,1,514080,,,
pas_bci_hipotecario,18/9/2025,Pasivo,Pasivo a Largo Plazo,Credito hipotecario,banco bci,hipotecario,CLP,68468922,1,68468922,,,
pas_bci_tdc_black,18/9/2025,Pasivo,Pasivo Circulante,Tarjeta credito,banco bci,mastercard black,CLP,1708156,1,1708156,,,
pas_coopeuch_hipotecario,18/9/2025,Pasivo,Pasivo a Largo Plazo,Credito hipotecario,coopeuch,hipotecario,CLP,65569066,1,65569066,,,
pas_cheque_pie_huanuco,18/9/2025,Pasivo,Pasivo a Largo Plazo,Cheques,inmobiliaria activa,pie huanuco,CLP,21200000,1,21200000,,,
pas_sii_impuestos,18/9/2025,Pasivo,Pasivo a Largo Plazo,Impuestos,sii,27 bis 177 utm,UTM,177,69265,12259905,,,
prestamo_n_badilla,18/9/2025,Activo,Inversión Poco Líquida,Credito personal,nelson badilla,,CLP,5500000,1,5500000,,,
afp_habitat_obligatorio,23/9/2025,Activo,Activo Fijo,Afp,habitat,ahorro obligatorio,CLP,47330930,1,47330930,,,
apv_soyfocus_b,23/9/2025,Activo,Activo Fijo,Apv,soyfocus,jubilacion con apv - b,CLP,2609494,1,2609494,,,
apv_soyfocus_a,23/9/2025,Activo,Activo Fijo,Apv,soyfocus,jubilacion con apv - a,CLP,16560027,1,16560027,,,
prop_carmen_590,23/9/2025,Activo,Activo Fijo,Propiedades,(N/A),carmen 590,UF,2100,39485,82918500,,,
prop_huanuco_2290,23/9/2025,Activo,Activo Fijo,Propiedades,(N/A),huanuco 2290,UF,2500,39485,98712500,,,
cta_bice_vista,23/9/2025,Activo,Circulante,Cuenta vista,banco bice,,CLP,76202,1,76202,,,
cta_chile_vista,23/9/2025,Activo,Circulante,Cuenta vista,banco chile,,CLP,3053,1,3053,,,
cta_estado_vista,23/9/2025,Activo,Circulante,Cuenta vista,banco estado,,CLP,12155,1,12155,,,
cta_scotia_cte,23/9/2025,Activo,Circulante,Cuenta corriente,banco scotiabank,,CLP,2350000,1,2350000,,,
efectivo_cash,23/9/2025,Activo,Circulante,Efectivo,cash,cash,CLP,180000,1,180000,,,
div_global66_prepago,23/9/2025,Activo,Circulante,Dolar,global66,tarjeta prepago,USD,500,948,474000,,,
cta_bci_cte,23/9/2025,Activo,Circulante,Cuenta corriente,banco bci,,CLP,5963050,1,5963050,,,
etf_itau_cfmdivo,23/9/2025,Activo,Inversión Líquida,Etf,banco itau,cfmdivo,CLP,16976881,1,16976881,cfmdivo,,
acc_itau_enelchile,23/9/2025,Activo,Inversión Líquida,Acción,banco itau,enelchile,CLP,1008625,1,1008625,enelchile,,
inv_betterplan_ahorro,23/9/2025,Activo,Inversión Líquida,Cuenta ahorro,betterplan,,CLP,102446,1,102446,,,
ffm_betterplan_conservador,23/9/2025,Activo,Inversión Líquida,Fondo,betterplan,portafolio conservador,CLP,18764117,1,18764117,,,
cta_consorcio_vista,23/9/2025,Activo,Inversión Líquida,Cuenta vista,consorcio,cuenta mas,CLP,49996485,1,49996485,,,
ffm_soyfocus_conservador,23/9/2025,Activo,Inversión Líquida,Fondo,soyfocus,portafolio conservador,CLP,23569104,1,23569104,,,
ffm_soyfocus_riesgo_oct24,23/9/2025,Activo,Inversión Líquida,Fondo,soyfocus,oct 2024 alto riesgo,CLP,8142488,1,8142488,,,
inv_estado_ahorro,23/9/2025,Activo,Inversión Poco Líquida,Cuenta ahorro,banco estado,,CLP,206827,1,206827,,,
ffm_betterplan_rentaclp,23/9/2025,Activo,Inversión Poco Líquida,Fondo,betterplan,moneda renta clp,CLP,25044843,1,25044843,,,
ffm_betterplan_toesca,23/9/2025,Activo,Inversión Poco Líquida,Fondo,betterplan,toesca deuda privada,CLP,6192331,1,6192331,,,
inv_coopeuch_cuotas,23/9/2025,Activo,Inversión Poco Líquida,Cuotas de Participación,coopeuch,coopeuch,CLP,514080,1,514080,,,
ffm_betterplan_largo_plazo,23/9/2025,Activo,Inversión Poco Líquida,Fondo,betterplan,Portafolio moderado largo plazo,CLP,2000000,1,2000000,,,
pas_bci_hipotecario,23/9/2025,Pasivo,Pasivo a Largo Plazo,Credito hipotecario,banco bci,hipotecario,CLP,68611979,1,68611979,,,
pas_bci_tdc_black,23/9/2025,Pasivo,Pasivo Circulante,Tarjeta credito,banco bci,mastercard black,CLP,1724887,1,1724887,,,
pas_coopeuch_hipotecario,23/9/2025,Pasivo,Pasivo a Largo Plazo,Credito hipotecario,coopeuch,hipotecario,CLP,65700770,1,65700770,,,
pas_cheque_pie_huanuco,23/9/2025,Pasivo,Pasivo a Largo Plazo,Cheques,inmobiliaria activa,pie huanuco,CLP,21200000,1,21200000,,,
pas_sii_impuestos,23/9/2025,Pasivo,Pasivo a Largo Plazo,Impuestos,sii,27 bis 177 utm,UTM,177,69265,12259905,,,
prestamo_n_badilla,23/9/2025,Activo,Inversión Poco Líquida,Credito personal,nelson badilla,,CLP,5500000,1,5500000,,,
apv_soyfocus_b,2/10/2025,Activo,Activo Fijo,Apv,soyfocus,jubilacion con apv - b,CLP,2641881,1,2641881,,,
apv_soyfocus_a,2/10/2025,Activo,Activo Fijo,Apv,soyfocus,jubilacion con apv - a,CLP,16965778,1,16965778,,,
prop_carmen_590,2/10/2025,Activo,Activo Fijo,Propiedades,(N/A),carmen 590,UF,2100,39485,82918500,,,
prop_huanuco_2290,2/10/2025,Activo,Activo Fijo,Propiedades,(N/A),huanuco 2290,UF,2500,39485,98712500,,,
cta_bice_vista,2/10/2025,Activo,Circulante,Cuenta vista,banco bice,,CLP,38847,1,38847,,,
cta_chile_vista,2/10/2025,Activo,Circulante,Cuenta vista,banco chile,,CLP,3053,1,3053,,,
cta_estado_vista,2/10/2025,Activo,Circulante,Cuenta vista,banco estado,,CLP,10248,1,10248,,,
cta_scotia_cte,2/10/2025,Activo,Circulante,Cuenta corriente,banco scotiabank,,CLP,2350000,1,2350000,,,
efectivo_cash,2/10/2025,Activo,Circulante,Efectivo,cash,cash,CLP,180000,1,180000,,,
div_global66_prepago,2/10/2025,Activo,Circulante,Dolar,global66,tarjeta prepago,USD,500,948,474000,,,
cta_bci_cte,2/10/2025,Activo,Circulante,Cuenta corriente,banco bci,,CLP,1941510,1,1941510,,,
etf_itau_cfmdivo,2/10/2025,Activo,Inversión Líquida,Etf,banco itau,cfmdivo,CLP,16767953,1,16767953,cfmdivo,,
acc_itau_enelchile,2/10/2025,Activo,Inversión Líquida,Acción,banco itau,enelchile,CLP,1011358,1,1011358,enelchile,,
inv_betterplan_ahorro,2/10/2025,Activo,Inversión Líquida,Cuenta ahorro,betterplan,,CLP,102551,1,102551,,,
ffm_betterplan_conservador,2/10/2025,Activo,Inversión Líquida,Fondo,betterplan,portafolio conservador,CLP,18820919,1,18820919,,,
cta_consorcio_vista,2/10/2025,Activo,Inversión Líquida,Cuenta vista,consorcio,cuenta mas,CLP,50000000,1,50000000,,,
ffm_soyfocus_conservador,2/10/2025,Activo,Inversión Líquida,Fondo,soyfocus,portafolio conservador,CLP,24639582,1,24639582,,,
ffm_soyfocus_riesgo_oct24,2/10/2025,Activo,Inversión Líquida,Fondo,soyfocus,oct 2024 alto riesgo,CLP,9252349,1,9252349,,,
inv_estado_ahorro,2/10/2025,Activo,Inversión Poco Líquida,Cuenta ahorro,banco estado,,CLP,206827,1,206827,,,
ffm_betterplan_rentaclp,2/10/2025,Activo,Inversión Poco Líquida,Fondo,betterplan,moneda renta clp,CLP,25119048,1,25119048,,,
ffm_betterplan_toesca,2/10/2025,Activo,Inversión Poco Líquida,Fondo,betterplan,toesca deuda privada,CLP,6194863,1,6194863,,,
inv_coopeuch_cuotas,2/10/2025,Activo,Inversión Poco Líquida,Cuotas de Participación,coopeuch,coopeuch,CLP,514080,1,514080,,,
ffm_betterplan_largo_plazo,2/10/2025,Activo,Inversión Poco Líquida,Fondo,betterplan,Portafolio moderado largo plazo,CLP,2004112,1,2004112,,,
pas_bci_hipotecario,2/10/2025,Pasivo,Pasivo a Largo Plazo,Credito hipotecario,banco bci,hipotecario,CLP,68657597,1,68657597,,,
pas_bci_tdc_black,2/10/2025,Pasivo,Pasivo Circulante,Tarjeta credito,banco bci,mastercard black,CLP,1341649,1,1341649,,,
pas_coopeuch_hipotecario,2/10/2025,Pasivo,Pasivo a Largo Plazo,Credito hipotecario,coopeuch,hipotecario,CLP,65742660,1,65742660,,,
pas_cheque_pie_huanuco,2/10/2025,Pasivo,Pasivo a Largo Plazo,Cheques,inmobiliaria activa,pie huanuco,CLP,20670000,1,20670000,,,
pas_sii_impuestos,2/10/2025,Pasivo,Pasivo a Largo Plazo,Impuestos,sii,27 bis 177 utm,UTM,177,69265,12259905,,,
prestamo_n_badilla,2/10/2025,Activo,Inversión Poco Líquida,Credito personal,nelson badilla,,CLP,5500000,1,5500000,,,
afp_habitat_obligatorio,2/10/2025,Activo,Activo Fijo,Afp,habitat,ahorro obligatorio,CLP,47455299,1,47455299,,,
apv_soyfocus_b,12/10/2025,Activo,Activo Fijo,Apv,soyfocus,jubilacion con apv - b,CLP,2585047,1,2585047,,,
apv_soyfocus_a,12/10/2025,Activo,Activo Fijo,Apv,soyfocus,jubilacion con apv - a,CLP,16600207,1,16600207,,,
prop_carmen_590,12/10/2025,Activo,Activo Fijo,Propiedades,(N/A),carmen 590,UF,2100,39496,82941600,,,
prop_huanuco_2290,12/10/2025,Activo,Activo Fijo,Propiedades,(N/A),huanuco 2290,UF,2500,39496,98740000,,,
cta_bice_vista,12/10/2025,Activo,Circulante,Cuenta vista,banco bice,,CLP,118614,1,118614,,,
cta_chile_vista,12/10/2025,Activo,Circulante,Cuenta vista,banco chile,,CLP,8053,1,8053,,,
cta_estado_vista,12/10/2025,Activo,Circulante,Cuenta vista,banco estado,,CLP,56789,1,56789,,,
cta_scotia_cte,12/10/2025,Activo,Circulante,Cuenta corriente,banco scotiabank,,CLP,3000000,1,3000000,,,
efectivo_cash,12/10/2025,Activo,Circulante,Efectivo,cash,cash,CLP,70000,1,70000,,,
cta_bci_cte,12/10/2025,Activo,Circulante,Cuenta corriente,banco bci,,CLP,4807659,1,4807659,,,
etf_itau_cfmdivo,12/10/2025,Activo,Inversión Líquida,Etf,banco itau,cfmdivo,CLP,16414532,1,16414532,cfmdivo,,
acc_itau_enelchile,12/10/2025,Activo,Inversión Líquida,Acción,banco itau,enelchile,CLP,970494,1,970494,enelchile,,
ffm_betterplan_conservador,12/10/2025,Activo,Inversión Líquida,Fondo,betterplan,portafolio conservador,CLP,18869163,1,18869163,,,
cta_consorcio_vista,12/10/2025,Activo,Inversión Líquida,Cuenta vista,consorcio,cuenta mas,CLP,50000000,1,50000000,,,
ffm_soyfocus_conservador,12/10/2025,Activo,Inversión Líquida,Fondo,soyfocus,portafolio conservador,CLP,24592938,1,24592938,,,
ffm_soyfocus_riesgo_oct24,12/10/2025,Activo,Inversión Líquida,Fondo,soyfocus,oct 2024 alto riesgo,CLP,9051901,1,9051901,,,
inv_estado_ahorro,12/10/2025,Activo,Inversión Poco Líquida,Cuenta ahorro,banco estado,,CLP,206827,1,206827,,,
ffm_betterplan_rentaclp,12/10/2025,Activo,Inversión Poco Líquida,Fondo,betterplan,moneda renta clp,CLP,25172200,1,25172200,,,
ffm_betterplan_toesca,12/10/2025,Activo,Inversión Poco Líquida,Fondo,betterplan,toesca deuda privada,CLP,6197861,1,6197861,,,
inv_coopeuch_cuotas,12/10/2025,Activo,Inversión Poco Líquida,Cuotas de Participación,coopeuch,coopeuch,CLP,514080,1,514080,,,
ffm_betterplan_largo_plazo,12/10/2025,Activo,Inversión Poco Líquida,Fondo,betterplan,Portafolio moderado largo plazo,CLP,2992490,1,2992490,,,
pas_bci_hipotecario,12/10/2025,Pasivo,Pasivo a Largo Plazo,Credito hipotecario,banco bci,hipotecario,CLP,68445373,1,68445373,,,
pas_bci_tdc_black,12/10/2025,Pasivo,Pasivo Circulante,Tarjeta credito,banco bci,mastercard black,CLP,1728723,1,1728723,,,
pas_coopeuch_hipotecario,12/10/2025,Pasivo,Pasivo a Largo Plazo,Credito hipotecario,coopeuch,hipotecario,CLP,65527625,1,65527625,,,
pas_cheque_pie_huanuco,12/10/2025,Pasivo,Pasivo a Largo Plazo,Cheques,inmobiliaria activa,pie huanuco,CLP,20670000,1,20670000,,,
pas_sii_impuestos,12/10/2025,Pasivo,Pasivo a Largo Plazo,Impuestos,sii,27 bis 177 utm,UTM,177,69265,12259905,,,
prestamo_n_badilla,12/10/2025,Activo,Inversión Poco Líquida,Credito personal,nelson badilla,,CLP,2500000,1,2500000,,,
afp_habitat_obligatorio,12/10/2025,Activo,Activo Fijo,Afp,habitat,ahorro obligatorio,CLP,47314440,1,47314440,,,
apv_soyfocus_a,1/11/2025,Activo,Activo Fijo,Apv,soyfocus,jubilacion con apv - a,CLP,16976543,1,16976543,,,
apv_soyfocus_arriesgado_a_25,1/11/2025,Activo,Activo Fijo,Apv,soyfocus,2025 octubre apv-a arriesgado - reg a,CLP,497211,1,497211,,,
prop_carmen_590,1/11/2025,Activo,Activo Fijo,Propiedades,(N/A),carmen 590,UF,2100,39597,83153700,,,
prop_huanuco_2290,1/11/2025,Activo,Activo Fijo,Propiedades,(N/A),huanuco 2290,UF,2500,39597,98992500,,,
cta_bice_vista,1/11/2025,Activo,Circulante,Cuenta vista,banco bice,,CLP,116024,1,116024,,,
cta_chile_vista,1/11/2025,Activo,Circulante,Cuenta vista,banco chile,,CLP,6063,1,6063,,,
cta_estado_vista,1/11/2025,Activo,Circulante,Cuenta vista,banco estado,,CLP,28179,1,28179,,,
cta_scotia_cte,1/11/2025,Activo,Circulante,Cuenta corriente,banco scotiabank,,CLP,1890798,1,1890798,,,
efectivo_cash,1/11/2025,Activo,Circulante,Efectivo,cash,cash,CLP,70000,1,70000,,,
cta_bci_cte,1/11/2025,Activo,Circulante,Cuenta corriente,banco bci,,CLP,936078,1,936078,,,
etf_itau_cfmdivo,1/11/2025,Activo,Inversión Líquida,Etf,banco itau,cfmdivo,CLP,18690845,1,18690845,cfmdivo,,
acc_itau_enelchile,1/11/2025,Activo,Inversión Líquida,Acción,banco itau,enelchile,CLP,1233072,1,1233072,enelchile,,
acc_itau_cencosud,1/11/2025,Activo,Inversión Líquida,Acción,banco itau,cencosud,CLP,973359,1,973359,CENCOSUD,,
acc_itau_habitat,1/11/2025,Activo,Inversión Líquida,Acción,banco itau,habitat,CLP,1022969,1,1022969,HABITAT,,
ffm_betterplan_conservador,1/11/2025,Activo,Inversión Líquida,Fondo,betterplan,portafolio conservador,CLP,16213708,1,16213708,,,
cta_consorcio_vista,1/11/2025,Activo,Inversión Líquida,Cuenta vista,consorcio,cuenta mas,CLP,54233036,1,54233036,,,
ffm_soyfocus_conservador,1/11/2025,Activo,Inversión Líquida,Fondo,soyfocus,portafolio conservador,CLP,16717632,1,16717632,,,
ffm_soyfocus_riesgo_oct24,1/11/2025,Activo,Inversión Líquida,Fondo,soyfocus,oct 2024 alto riesgo,CLP,8260755,1,8260755,,,
inv_estado_ahorro,1/11/2025,Activo,Inversión Poco Líquida,Cuenta ahorro,banco estado,,CLP,206827,1,206827,,,
ffm_betterplan_rentaclp,1/11/2025,Activo,Inversión Poco Líquida,Fondo,betterplan,moneda renta clp,CLP,25358037,1,25358037,,,
ffm_betterplan_toesca,1/11/2025,Activo,Inversión Poco Líquida,Fondo,betterplan,toesca deuda privada,CLP,6212633,1,6212633,,,
inv_coopeuch_cuotas,1/11/2025,Activo,Inversión Poco Líquida,Cuotas de Participación,coopeuch,coopeuch,CLP,692580,1,692580,,,
ffm_betterplan_largo_plazo,1/11/2025,Activo,Inversión Poco Líquida,Fondo,betterplan,Portafolio moderado largo plazo,CLP,2992490,1,2992490,,,
pas_bci_hipotecario,1/11/2025,Pasivo,Pasivo a Largo Plazo,Credito hipotecario,banco bci,hipotecario,CLP,68754400,1,68754400,,,
pas_bci_tdc_black,1/11/2025,Pasivo,Pasivo Circulante,Tarjeta credito,banco bci,mastercard black,CLP,1364911,1,1364911,,,
pas_coopeuch_hipotecario,1/11/2025,Pasivo,Pasivo a Largo Plazo,Credito hipotecario,coopeuch,hipotecario,CLP,65794016,1,65794016,,,
pas_cheque_pie_huanuco,1/11/2025,Pasivo,Pasivo a Largo Plazo,Cheques,inmobiliaria activa,pie huanuco,CLP,20670000,1,20670000,,,
pas_sii_impuestos,1/11/2025,Pasivo,Pasivo a Largo Plazo,Impuestos,sii,27 bis 177 utm,UTM,177,69542,12308934,,,
afp_habitat_obligatorio,1/11/2025,Activo,Activo Fijo,Afp,habitat,ahorro obligatorio,CLP,47898889,1,47898889,,,
ffm_soyfocus_arriesgado_2025,1/11/2025,Activo,Inversión Líquida,Fondo,soyfocus,2025 octubre arriesgado,CLP,6984951,1,6984951,,,
ffm_soyfocus_moderado_2025,1/11/2025,Activo,Inversión Líquida,Fondo,soyfocus,2025 octubre moderado,CLP,1998494,1,1998494,,,
apv_soyfocus_arriesgado_a_25,2/12/2025,Activo,Activo Fijo,Apv,soyfocus,2025 octubre apv-a arriesgado - reg a,CLP,17836558,1,17836558,,,
prop_carmen_590,2/12/2025,Activo,Activo Fijo,Propiedades,(N/A),carmen 590,UF,2100,39643,83250300,,,
prop_huanuco_2290,2/12/2025,Activo,Activo Fijo,Propiedades,(N/A),huanuco 2290,UF,2500,39643,99107500,,,
cta_bice_vista,2/12/2025,Activo,Circulante,Cuenta vista,banco bice,,CLP,28191,1,28191,,,
cta_chile_vista,2/12/2025,Activo,Circulante,Cuenta vista,banco chile,,CLP,4073,1,4073,,,
cta_estado_vista,2/12/2025,Activo,Circulante,Cuenta vista,banco estado,,CLP,356549,1,356549,,,
cta_scotia_cte,2/12/2025,Activo,Circulante,Cuenta corriente,banco scotiabank,,CLP,34578179,1,34578179,,,
efectivo_cash,2/12/2025,Activo,Circulante,Efectivo,cash,cash,CLP,445000,1,445000,,,
cta_bci_cte,2/12/2025,Activo,Circulante,Cuenta corriente,banco bci,,CLP,53834895,1,53834895,,,
etf_itau_cfmdivo,2/12/2025,Activo,Inversión Líquida,Etf,banco itau,cfmdivo,CLP,8027942,1,8027942,cfmdivo,,
acc_itau_enelchile,2/12/2025,Activo,Inversión Líquida,Acción,banco itau,enelchile,CLP,1238210,1,1238210,enelchile,,
acc_itau_cencosud,2/12/2025,Activo,Inversión Líquida,Acción,banco itau,cencosud,CLP,974025,1,974025,CENCOSUD,,
acc_itau_habitat,2/12/2025,Activo,Inversión Líquida,Acción,banco itau,habitat,CLP,1009440,1,1009440,HABITAT,,
cta_consorcio_vista,2/12/2025,Activo,Inversión Líquida,Cuenta vista,consorcio,cuenta mas,CLP,54470238,1,54470238,,,
inv_estado_ahorro,2/12/2025,Activo,Inversión Poco Líquida,Cuenta ahorro,banco estado,,CLP,400000,1,400000,,,
inv_coopeuch_cuotas,2/12/2025,Activo,Inversión Poco Líquida,Cuotas de Participación,coopeuch,coopeuch,CLP,728280,1,728280,,,
pas_bci_hipotecario,2/12/2025,Pasivo,Pasivo a Largo Plazo,Credito hipotecario,banco bci,hipotecario,CLP,68780075,1,68780075,,,
pas_bci_tdc_black,2/12/2025,Pasivo,Pasivo Circulante,Tarjeta credito,banco bci,mastercard black,CLP,1990714,1,1990714,,,
pas_coopeuch_hipotecario,2/12/2025,Pasivo,Pasivo a Largo Plazo,Credito hipotecario,coopeuch,hipotecario,CLP,65797422,1,65797422,,,
pas_cheque_pie_huanuco,2/12/2025,Pasivo,Pasivo a Largo Plazo,Cheques,inmobiliaria activa,pie huanuco,CLP,19610000,1,19610000,,,
pas_sii_impuestos,2/12/2025,Pasivo,Pasivo a Largo Plazo,Impuestos,sii,27 bis 177 utm,UTM,177,69542,12308934,,,
afp_habitat_obligatorio,2/12/2025,Activo,Activo Fijo,Afp,habitat,ahorro obligatorio,CLP,47829634,1,47829634,,,
ffm_soyfocus_arriesgado_2025,2/12/2025,Activo,Inversión Líquida,Fondo,soyfocus,2025 octubre arriesgado,CLP,7888576,1,7888576,,,
ffm_soyfocus_moderado_2025,2/12/2025,Activo,Inversión Líquida,Fondo,soyfocus,2025 octubre moderado,CLP,2990885,1,2990885,,,
apv_soyfocus_arriesgado_a_25,14/12/2025,Activo,Activo Fijo,Apv,soyfocus,2025 octubre apv-a arriesgado - reg a,CLP,17876336,1,17876336,,,
prop_carmen_590,14/12/2025,Activo,Activo Fijo,Propiedades,(N/A),carmen 590,UF,2100,39666,83298600,,,
prop_huanuco_2290,14/12/2025,Activo,Activo Fijo,Propiedades,(N/A),huanuco 2290,UF,2500,39666,99165000,,,
afp_habitat_obligatorio,14/12/2025,Activo,Activo Fijo,Afp,habitat,ahorro obligatorio,CLP,47905156,1,47905156,,,
cta_bci_cte,14/12/2025,Activo,Circulante,Cuenta corriente,banco bci,,CLP,43711174,1,43711174,,,
cta_bice_vista,14/12/2025,Activo,Circulante,Cuenta vista,banco bice,,CLP,32943,1,32943,,,
cta_chile_vista,14/12/2025,Activo,Circulante,Cuenta vista,banco chile,,CLP,4073,1,4073,,,
cta_estado_vista,14/12/2025,Activo,Circulante,Cuenta vista,banco estado,,CLP,317733,1,317733,,,
cta_scotia_cte,14/12/2025,Activo,Circulante,Cuenta corriente,banco scotiabank,,CLP,30679328,1,30679328,,,
efectivo_cash,14/12/2025,Activo,Circulante,Efectivo,cash,cash,CLP,445000,1,445000,,,
etf_itau_cfmdivo,14/12/2025,Activo,Inversión Líquida,Etf,banco itau,cfmdivo,CLP,8285056,1,8285056,cfmdivo,,
acc_itau_enelchile,14/12/2025,Activo,Inversión Líquida,Acción,banco itau,enelchile,CLP,1250198,1,1250198,enelchile,,
acc_itau_cencosud,14/12/2025,Activo,Inversión Líquida,Acción,banco itau,cencosud,CLP,982350,1,982350,CENCOSUD,,
acc_itau_habitat,14/12/2025,Activo,Inversión Líquida,Acción,banco itau,habitat,CLP,1082204,1,1082204,HABITAT,,
cta_consorcio_vista,14/12/2025,Activo,Inversión Líquida,Cuenta vista,consorcio,cuenta mas,CLP,59000000,1,59000000,,,
ffm_soyfocus_arriesgado_2025,14/12/2025,Activo,Inversión Líquida,Fondo,soyfocus,2025 octubre arriesgado,CLP,7816537,1,7816537,,,
ffm_soyfocus_moderado_2025,14/12/2025,Activo,Inversión Líquida,Fondo,soyfocus,2025 octubre moderado,CLP,2976502,1,2976502,,,
inv_estado_ahorro,14/12/2025,Activo,Inversión Poco Líquida,Cuenta ahorro,banco estado,,CLP,400000,1,400000,,,
inv_coopeuch_cuotas,14/12/2025,Activo,Inversión Poco Líquida,Cuotas de Participación,coopeuch,coopeuch,CLP,763980,1,763980,,,
prestamo_s_castro,14/12/2025,Activo,Inversión Poco Líquida,Credito personal,sandor castro,,CLP,3000000,1,3000000,,,
pas_bci_hipotecario,14/12/2025,Pasivo,Pasivo a Largo Plazo,Credito hipotecario,banco bci,hipotecario,CLP,61962292,1,61962292,,,
pas_coopeuch_hipotecario,14/12/2025,Pasivo,Pasivo a Largo Plazo,Credito hipotecario,coopeuch,hipotecario,CLP,65846334,1,65846334,,,
pas_cheque_pie_huanuco,14/12/2025,Pasivo,Pasivo a Largo Plazo,Cheques,inmobiliaria activa,pie huanuco,CLP,19610000,1,19610000,,,
pas_sii_impuestos,14/12/2025,Pasivo,Pasivo a Largo Plazo,Impuestos,sii,27 bis 177 utm,UTM,177,69542,12308934,,,
pas_bci_tdc_black,14/12/2025,Pasivo,Pasivo Circulante,Tarjeta credito,banco bci,mastercard black,CLP,2129490,1,2129490,,,
apv_soyfocus_arriesgado_a_25,20/1/2026,Activo,Activo Fijo,Apv,soyfocus,2025 octubre apv-a arriesgado - reg a,CLP,18198449,1,18198449,,,
ffm_soyfocus_arriesgado_2025,20/1/2026,Activo,Inversión Líquida,Fondo,soyfocus,2025 octubre arriesgado,CLP,7797088,1,7797088,,,
ffm_soyfocus_moderado_2025,20/1/2026,Activo,Inversión Líquida,Fondo,soyfocus,2025 octubre moderado,CLP,3069106,1,3069106,,,
acc_itau_enelchile,20/1/2026,Activo,Inversión Líquida,Acción,banco itau,enelchile,CLP,1323497,1,1323497,enelchile,,
acc_itau_habitat,20/1/2026,Activo,Inversión Líquida,Acción,banco itau,habitat,CLP,1013716,1,1013716,HABITAT,,
ffm_itau_moneymarket,20/1/2026,Activo,Inversión Líquida,Fondo,banco itau,money market,CLP,14032,1,14032,,,
prop_carmen_590,20/1/2026,Activo,Activo Fijo,Propiedades,(N/A),carmen 590,UF,2100,39731,83435100,,,
prop_huanuco_2290,20/1/2026,Activo,Activo Fijo,Propiedades,(N/A),huanuco 2290,UF,2500,39731,99327500,,,
afp_habitat_obligatorio,20/1/2026,Activo,Activo Fijo,Afp,habitat,ahorro obligatorio,CLP,48453928,1,48453928,,,
pas_bci_hipotecario,20/1/2026,Pasivo,Pasivo a Largo Plazo,Credito hipotecario,banco bci,hipotecario,CLP,61817326,1,61817326,,,
cta_bci_cte,20/1/2026,Activo,Circulante,Cuenta corriente,banco bci,,CLP,48396561,1,48396561,,,
pas_bci_tdc_black,20/1/2026,Pasivo,Pasivo Circulante,Tarjeta credito,banco bci,mastercard black,CLP,2180321,1,2180321,,,
pas_sii_impuestos,20/1/2026,Pasivo,Pasivo a Largo Plazo,Impuestos,sii,27 bis 177 utm,UTM,177,69751,12345927,,,
cta_consorcio_vista,20/1/2026,Activo,Inversión Líquida,Cuenta vista,consorcio,cuenta mas,CLP,59251750,1,59251750,,,
prestamo_s_castro,20/1/2026,Activo,Inversión Poco Líquida,Credito personal,sandor castro,,CLP,3000000,1,3000000,,,
cta_chile_vista,20/1/2026,Activo,Circulante,Cuenta vista,banco chile,,CLP,635,1,635,,,
cta_estado_vista,20/1/2026,Activo,Circulante,Cuenta vista,banco estado,,CLP,670888,1,670888,,,
inv_estado_ahorro,20/1/2026,Activo,Inversión Poco Líquida,Cuenta ahorro,banco estado,,CLP,500000,1,500000,,,
cta_bice_vista,20/1/2026,Activo,Circulante,Cuenta vista,banco bice,,CLP,88197,1,88197,,,
cta_scotia_cte,20/1/2026,Activo,Circulante,Cuenta corriente,banco scotiabank,,CLP,33497236,1,33497236,,,
inv_coopeuch_cuotas,20/1/2026,Activo,Inversión Poco Líquida,Cuotas de Participación,coopeuch,coopeuch,CLP,787520,1,787520,,,
pas_coopeuch_hipotecario,20/1/2026,Pasivo,Pasivo a Largo Plazo,Credito hipotecario,coopeuch,hipotecario,CLP,65686633,1,65686633,,,
efectivo_cash,20/1/2026,Activo,Circulante,Efectivo,cash,cash,CLP,480000,1,480000,,,
pas_cheque_pie_huanuco,20/1/2026,Pasivo,Pasivo a Largo Plazo,Cheques,inmobiliaria activa,pie huanuco,CLP,19080000,1,19080000,,,
apv_soyfocus_arriesgado_a_25,6/2/2026,Activo,Activo Fijo,Apv,soyfocus,2025 octubre apv-a arriesgado - reg a,CLP,17742117,1,17742117,,,
ffm_soyfocus_arriesgado_2025,6/2/2026,Activo,Inversión Líquida,Fondo,soyfocus,2025 octubre arriesgado,CLP,7599907,1,7599907,,,
ffm_soyfocus_moderado_2025,6/2/2026,Activo,Inversión Líquida,Fondo,soyfocus,2025 octubre moderado,CLP,3040544,1,3040544,,,
acc_itau_enelchile,6/2/2026,Activo,Inversión Líquida,Acción,banco itau,enelchile,CLP,1245060,1,1245060,enelchile,,
acc_itau_habitat,6/2/2026,Activo,Inversión Líquida,Acción,banco itau,habitat,CLP,1018693,1,1018693,HABITAT,,
ffm_itau_moneymarket,6/2/2026,Activo,Inversión Líquida,Fondo,banco itau,money market,CLP,25622,1,25622,,,
prop_carmen_590,6/2/2026,Activo,Activo Fijo,Propiedades,(N/A),carmen 590,UF,2100,39693,83355300,,,
prop_huanuco_2290,6/2/2026,Activo,Activo Fijo,Propiedades,(N/A),huanuco 2290,UF,2500,39693,99232500,,,
afp_habitat_obligatorio,6/2/2026,Activo,Activo Fijo,Afp,habitat,ahorro obligatorio,CLP,48479047,1,48479047,,,
pas_bci_hipotecario,6/2/2026,Pasivo,Pasivo a Largo Plazo,Credito hipotecario,banco bci,hipotecario,CLP,61872777,1,61872777,,,
cta_bci_cte,6/2/2026,Activo,Circulante,Cuenta corriente,banco bci,,CLP,47031498,1,47031498,,,
pas_bci_tdc_black,6/2/2026,Pasivo,Pasivo Circulante,Tarjeta credito,banco bci,mastercard black,CLP,1602185,1,1602185,,,
pas_sii_impuestos,6/2/2026,Pasivo,Pasivo a Largo Plazo,Impuestos,sii,27 bis 177 utm,UTM,177,69611,12321147,,,
cta_consorcio_vista,6/2/2026,Activo,Inversión Líquida,Cuenta vista,consorcio,cuenta mas,CLP,59255082,1,59255082,,,
prestamo_s_castro,6/2/2026,Activo,Inversión Poco Líquida,Credito personal,sandor castro,,CLP,3000000,1,3000000,,,
cta_chile_vista,6/2/2026,Activo,Circulante,Cuenta vista,banco chile,,CLP,635,1,635,,,
cta_estado_vista,6/2/2026,Activo,Circulante,Cuenta vista,banco estado,,CLP,98500,1,98500,,,
inv_estado_ahorro,6/2/2026,Activo,Inversión Poco Líquida,Cuenta ahorro,banco estado,,CLP,500000,1,500000,,,
cta_bice_vista,6/2/2026,Activo,Circulante,Cuenta vista,banco bice,,CLP,57471,1,57471,,,
cta_scotia_cte,6/2/2026,Activo,Circulante,Cuenta corriente,banco scotiabank,,CLP,35512859,1,35512859,,,
inv_coopeuch_cuotas,6/2/2026,Activo,Inversión Poco Líquida,Cuotas de Participación,coopeuch,coopeuch,CLP,787520,1,787520,,,
pas_coopeuch_hipotecario,6/2/2026,Pasivo,Pasivo a Largo Plazo,Credito hipotecario,coopeuch,hipotecario,CLP,65724954,1,65724954,,,
efectivo_cash,6/2/2026,Activo,Circulante,Efectivo,cash,cash,CLP,300000,1,300000,,,
pas_cheque_pie_huanuco,6/2/2026,Pasivo,Pasivo a Largo Plazo,Cheques,inmobiliaria activa,pie huanuco,CLP,18550000,1,18550000,,,
apv_soyfocus_arriesgado_a_25,8/2/2026,Activo,Activo Fijo,Apv,soyfocus,2025 octubre apv-a arriesgado - reg a,CLP,17742117,1,17742117,,,
ffm_soyfocus_arriesgado_2025,8/2/2026,Activo,Inversión Líquida,Fondo,soyfocus,2025 octubre arriesgado,CLP,7599907,1,7599907,,,
ffm_soyfocus_moderado_2025,8/2/2026,Activo,Inversión Líquida,Fondo,soyfocus,2025 octubre moderado,CLP,3040544,1,3040544,,,
acc_itau_enelchile,8/2/2026,Activo,Inversión Líquida,Acción,banco itau,enelchile,CLP,1245060,1,1245060,enelchile,,
acc_itau_habitat,8/2/2026,Activo,Inversión Líquida,Acción,banco itau,habitat,CLP,1018693,1,1018693,HABITAT,,
ffm_itau_moneymarket,8/2/2026,Activo,Inversión Líquida,Fondo,banco itau,money market,CLP,25622,1,25622,,,
prop_carmen_590,8/2/2026,Activo,Activo Fijo,Propiedades,(N/A),carmen 590,UF,2100,39693,83355300,,,
prop_huanuco_2290,8/2/2026,Activo,Activo Fijo,Propiedades,(N/A),huanuco 2290,UF,2500,39693,99232500,,,
afp_habitat_obligatorio,8/2/2026,Activo,Activo Fijo,Afp,habitat,ahorro obligatorio,CLP,48479047,1,48479047,,,
pas_bci_hipotecario,8/2/2026,Pasivo,Pasivo a Largo Plazo,Credito hipotecario,banco bci,hipotecario,CLP,61904392,1,61904392,,,
cta_bci_cte,8/2/2026,Activo,Circulante,Cuenta corriente,banco bci,,CLP,47031498,1,47031498,,,
pas_bci_tdc_black,8/2/2026,Pasivo,Pasivo Circulante,Tarjeta credito,banco bci,mastercard black,CLP,1602185,1,1602185,,,
pas_sii_impuestos,8/2/2026,Pasivo,Pasivo a Largo Plazo,Impuestos,sii,27 bis 177 utm,UTM,177,69611,12321147,,,
cta_consorcio_vista,8/2/2026,Activo,Inversión Líquida,Cuenta vista,consorcio,cuenta mas,CLP,59255082,1,59255082,,,
prestamo_s_castro,8/2/2026,Activo,Inversión Poco Líquida,Credito personal,sandor castro,,CLP,3000000,1,3000000,,,
cta_chile_vista,8/2/2026,Activo,Circulante,Cuenta vista,banco chile,,CLP,635,1,635,,,
cta_estado_vista,8/2/2026,Activo,Circulante,Cuenta vista,banco estado,,CLP,98500,1,98500,,,
inv_estado_ahorro,8/2/2026,Activo,Inversión Poco Líquida,Cuenta ahorro,banco estado,,CLP,500000,1,500000,,,
cta_bice_vista,8/2/2026,Activo,Circulante,Cuenta vista,banco bice,,CLP,57471,1,57471,,,
cta_scotia_cte,8/2/2026,Activo,Circulante,Cuenta corriente,banco scotiabank,,CLP,35846463,1,35846463,,,
inv_coopeuch_cuotas,8/2/2026,Activo,Inversión Poco Líquida,Cuotas de Participación,coopeuch,coopeuch,CLP,787520,1,787520,,,
pas_coopeuch_hipotecario,8/2/2026,Pasivo,Pasivo a Largo Plazo,Credito hipotecario,coopeuch,hipotecario,CLP,65725870,1,65725870,,,
efectivo_cash,8/2/2026,Activo,Circulante,Efectivo,cash,cash,CLP,300000,1,300000,,,
pas_cheque_pie_huanuco,8/2/2026,Pasivo,Pasivo a Largo Plazo,Cheques,inmobiliaria activa,pie huanuco,CLP,18550000,1,18550000,,,
apv_soyfocus_arriesgado_a_25,7/3/2026,Activo,Activo Fijo,Apv,soyfocus,2025 octubre apv-a arriesgado - reg a,CLP,18725552,1,18725552,,,
ffm_soyfocus_arriesgado_2025,7/3/2026,Activo,Inversión Líquida,Fondo,soyfocus,2025 octubre arriesgado,CLP,8019265,1,8019265,,,
ffm_soyfocus_moderado_2025,7/3/2026,Activo,Inversión Líquida,Fondo,soyfocus,2025 octubre moderado,CLP,3126919,1,3126919,,,
acc_itau_enelchile,7/3/2026,Activo,Inversión Líquida,Acción,banco itau,enelchile,CLP,1181694,1,1181694,enelchile,,
acc_itau_habitat,7/3/2026,Activo,Inversión Líquida,Acción,banco itau,habitat,CLP,971446,1,971446,HABITAT,,
ffm_itau_moneymarket,7/3/2026,Activo,Inversión Líquida,Fondo,banco itau,money market,CLP,25687,1,25687,,,
prop_carmen_590,7/3/2026,Activo,Activo Fijo,Propiedades,(N/A),carmen 590,UF,2100,39841,83666100,,,
prop_huanuco_2290,7/3/2026,Activo,Activo Fijo,Propiedades,(N/A),huanuco 2290,UF,2500,39841,99602500,,,
afp_habitat_obligatorio,7/3/2026,Activo,Activo Fijo,Afp,habitat,ahorro obligatorio,CLP,49151271,1,49151271,,,
pas_bci_hipotecario,7/3/2026,Pasivo,Pasivo a Largo Plazo,Credito hipotecario,banco bci,hipotecario,CLP,61946247,1,61946247,,,
cta_bci_cte,7/3/2026,Activo,Circulante,Cuenta corriente,banco bci,,CLP,44856450,1,44856450,,,
pas_bci_tdc_black,7/3/2026,Pasivo,Pasivo Circulante,Tarjeta credito,banco bci,mastercard black,CLP,1625576,1,1625576,,,
pas_sii_impuestos,7/3/2026,Pasivo,Pasivo a Largo Plazo,Impuestos,sii,27 bis 177 utm,UTM,177,69889,12370353,,,
cta_consorcio_vista,7/3/2026,Activo,Inversión Líquida,Cuenta vista,consorcio,cuenta mas,CLP,59481965,1,59481965,,,
prestamo_s_castro,7/3/2026,Activo,Inversión Poco Líquida,Credito personal,sandor castro,,CLP,3000000,1,3000000,,,
cta_chile_vista,7/3/2026,Activo,Circulante,Cuenta vista,banco chile,,CLP,961,1,961,,,
cta_estado_vista,7/3/2026,Activo,Circulante,Cuenta vista,banco estado,,CLP,30000,1,30000,,,
inv_estado_ahorro,7/3/2026,Activo,Inversión Poco Líquida,Cuenta ahorro,banco estado,,CLP,500000,1,500000,,,
cta_bice_vista,7/3/2026,Activo,Circulante,Cuenta vista,banco bice,,CLP,72615,1,72615,,,
cta_scotia_cte,7/3/2026,Activo,Circulante,Cuenta corriente,banco scotiabank,,CLP,37428084,1,37428084,,,
inv_coopeuch_cuotas,7/3/2026,Activo,Inversión Poco Líquida,Cuotas de Participación,coopeuch,coopeuch,CLP,787520,1,787520,,,
pas_coopeuch_hipotecario,7/3/2026,Pasivo,Pasivo a Largo Plazo,Credito hipotecario,coopeuch,hipotecario,CLP,65752962,1,65752962,,,
efectivo_cash,7/3/2026,Activo,Circulante,Efectivo,cash,cash,CLP,250000,1,250000,,,
pas_cheque_pie_huanuco,7/3/2026,Pasivo,Pasivo a Largo Plazo,Cheques,inmobiliaria activa,pie huanuco,CLP,18020000,1,18020000,,,
efectivo_cash,15/3/2026,Activo,Circulante,Efectivo,cash,cash,CLP,393000,1,393000,,,
apv_soyfocus_arriesgado_a_25,15/3/2026,Activo,Activo Fijo,Apv,soyfocus,2025 octubre apv-a arriesgado - reg a,CLP,18290910,1,18290910,,,
ffm_soyfocus_arriesgado_2025,15/3/2026,Activo,Inversión Líquida,Fondo,soyfocus,2025 octubre arriesgado,CLP,7831122,1,7831122,,,
ffm_soyfocus_moderado_2025,15/3/2026,Activo,Inversión Líquida,Fondo,soyfocus,2025 octubre moderado,CLP,3098012,1,3098012,,,
cta_consorcio_vista,15/3/2026,Activo,Inversión Líquida,Cuenta vista,consorcio,cuenta mas,CLP,59000000,1,59000000,,,
prestamo_s_castro,15/3/2026,Activo,Inversión Poco Líquida,Credito personal,sandor castro,,CLP,3000000,1,3000000,,,
pas_bci_hipotecario,15/3/2026,Pasivo,Pasivo a Largo Plazo,Credito hipotecario,banco bci,hipotecario,CLP,61946247,1,61946247,,,
pas_coopeuch_hipotecario,15/3/2026,Pasivo,Pasivo a Largo Plazo,Credito hipotecario,coopeuch,hipotecario,CLP,65752962,1,65752962,,,
cta_bci_cte,15/3/2026,Activo,Circulante,Cuenta corriente,banco bci,,CLP,45249702,1,45249702,,,
pas_bci_tdc_black,15/3/2026,Pasivo,Pasivo Circulante,Tarjeta credito,banco bci,mastercard black,CLP,1795996,1,1795996,,,
cta_scotia_cte,15/3/2026,Activo,Circulante,Cuenta corriente,banco scotiabank,,CLP,37771831,1,37771831,,,
pas_sii_impuestos,15/3/2026,Pasivo,Pasivo a Largo Plazo,Impuestos,sii,27 bis 177 utm,UTM,177,69889,12370353,,,
prop_carmen_590,15/3/2026,Activo,Activo Fijo,Propiedades,(N/A),carmen 590,UF,2100,39841,83666100,,,
prop_huanuco_2290,15/3/2026,Activo,Activo Fijo,Propiedades,(N/A),huanuco 2290,UF,2500,39841,99602500,,,
afp_habitat_obligatorio,15/3/2026,Activo,Activo Fijo,Afp,habitat,ahorro obligatorio,CLP,48848094,1,48848094,,,
cta_estado_vista,15/3/2026,Activo,Circulante,Cuenta vista,banco estado,,CLP,30000,1,30000,,,
inv_estado_ahorro,15/3/2026,Activo,Inversión Poco Líquida,Cuenta ahorro,banco estado,,CLP,500000,1,500000,,,
cta_chile_vista,15/3/2026,Activo,Circulante,Cuenta vista,banco chile,,CLP,961,1,961,,,
cta_bice_vista,15/3/2026,Activo,Circulante,Cuenta vista,banco bice,,CLP,81820,1,81820,,,
acc_itau_enelchile,15/3/2026,Activo,Inversión Líquida,Acción,banco itau,enelchile,CLP,1250198,1,1250198,enelchile,,
acc_itau_habitat,15/3/2026,Activo,Inversión Líquida,Acción,banco itau,habitat,CLP,968221,1,968221,HABITAT,,
ffm_itau_moneymarket,15/3/2026,Activo,Inversión Líquida,Fondo,banco itau,money market,CLP,25687,1,25687,,,
inv_coopeuch_cuotas,15/3/2026,Activo,Inversión Poco Líquida,Cuotas de Participación,coopeuch,coopeuch,CLP,787520,1,787520,,,
pas_cheque_pie_huanuco,15/3/2026,Pasivo,Pasivo a Largo Plazo,Cheques,inmobiliaria activa,pie huanuco,CLP,18020000,1,18020000,,,
efectivo_cash,4/4/2026,Activo,Circulante,Efectivo,cash,cash,CLP,383000,1,383000,,,
apv_soyfocus_arriesgado_a_25,4/4/2026,Activo,Activo Fijo,Apv,soyfocus,2025 octubre apv-a arriesgado - reg a,CLP,18388691,1,18388691,,,
ffm_soyfocus_arriesgado_2025,4/4/2026,Activo,Inversión Líquida,Fondo,soyfocus,2025 octubre arriesgado,CLP,7870830,1,7870830,,,
ffm_soyfocus_moderado_2025,4/4/2026,Activo,Inversión Líquida,Fondo,soyfocus,2025 octubre moderado,CLP,3106751,1,3106751,,,
cta_consorcio_vista,4/4/2026,Activo,Inversión Líquida,Cuenta vista,consorcio,cuenta mas,CLP,59254997,1,59254997,,,
prestamo_s_castro,4/4/2026,Activo,Inversión Poco Líquida,Credito personal,sandor castro,,CLP,3000000,1,3000000,,,
pas_bci_hipotecario,4/4/2026,Pasivo,Pasivo a Largo Plazo,Credito hipotecario,banco bci,hipotecario,CLP,61854698,1,61854698,,,
pas_coopeuch_hipotecario,4/4/2026,Pasivo,Pasivo a Largo Plazo,Credito hipotecario,coopeuch,hipotecario,CLP,65668230,1,65668230,,,
cta_bci_cte,4/4/2026,Activo,Circulante,Cuenta corriente,banco bci,,CLP,43256778,1,43256778,,,
pas_bci_tdc_black,4/4/2026,Pasivo,Pasivo Circulante,Tarjeta credito,banco bci,mastercard black,CLP,1795996,1,1795996,,,
cta_scotia_cte,4/4/2026,Activo,Circulante,Cuenta corriente,banco scotiabank,,CLP,37161727,1,37161727,,,
pas_sii_impuestos,4/4/2026,Pasivo,Pasivo a Largo Plazo,Impuestos,sii,27 bis 177 utm,UTM,177,69889,12370353,,,
prop_carmen_590,4/4/2026,Activo,Activo Fijo,Propiedades,(N/A),carmen 590,UF,2100,39842,83667612,,,
prop_huanuco_2290,4/4/2026,Activo,Activo Fijo,Propiedades,(N/A),huanuco 2290,UF,2500,39842,99604300,,,
afp_habitat_obligatorio,4/4/2026,Activo,Activo Fijo,Afp,habitat,ahorro obligatorio,CLP,48663391,1,48663391,,,
cta_estado_vista,4/4/2026,Activo,Circulante,Cuenta vista,banco estado,,CLP,323791,1,323791,,,
inv_estado_ahorro,4/4/2026,Activo,Inversión Poco Líquida,Cuenta ahorro,banco estado,,CLP,200000,1,200000,,,
cta_chile_vista,4/4/2026,Activo,Circulante,Cuenta vista,banco chile,,CLP,393,1,393,,,
cta_bice_vista,4/4/2026,Activo,Circulante,Cuenta vista,banco bice,,CLP,17873,1,17873,,,
acc_itau_enelchile,4/4/2026,Activo,Inversión Líquida,Acción,banco itau,enelchile,CLP,1282909,1,1282909,enelchile,,
acc_itau_habitat,4/4/2026,Activo,Inversión Líquida,Acción,banco itau,habitat,CLP,1063989,1,1063989,HABITAT,,
ffm_itau_moneymarket,4/4/2026,Activo,Inversión Líquida,Fondo,banco itau,money market,CLP,25747,1,25747,,,
inv_coopeuch_cuotas,4/4/2026,Activo,Inversión Poco Líquida,Cuotas de Participación,coopeuch,coopeuch,CLP,787520,1,787520,,,
pas_cheque_pie_huanuco,4/4/2026,Pasivo,Pasivo a Largo Plazo,Cheques,inmobiliaria activa,pie huanuco,CLP,17490000,1,17490000,,,
efectivo_cash,9/4/2026,Activo,Circulante,Efectivo,cash,cash,CLP,350000,1,350000,,,
apv_soyfocus_arriesgado_a_25,9/4/2026,Activo,Activo Fijo,Apv,soyfocus,2025 octubre apv-a arriesgado - reg a,CLP,18481535,1,18481535,,,
ffm_soyfocus_arriesgado_2025,9/4/2026,Activo,Inversión Líquida,Fondo,soyfocus,2025 octubre arriesgado,CLP,7909811,1,7909811,,,
ffm_soyfocus_moderado_2025,9/4/2026,Activo,Inversión Líquida,Fondo,soyfocus,2025 octubre moderado,CLP,3113234,1,3113234,,,
cta_consorcio_vista,9/4/2026,Activo,Inversión Líquida,Cuenta vista,consorcio,cuenta mas,CLP,59251441,1,59251441,,,
prestamo_s_castro,9/4/2026,Activo,Inversión Poco Líquida,Credito personal,sandor castro,,CLP,3000000,1,3000000,,,
pas_bci_hipotecario,9/4/2026,Pasivo,Pasivo a Largo Plazo,Credito hipotecario,banco bci,hipotecario,CLP,61910360,1,61910360,,,
pas_coopeuch_hipotecario,9/4/2026,Pasivo,Pasivo a Largo Plazo,Credito hipotecario,coopeuch,hipotecario,CLP,65717049,1,65717049,,,
cta_bci_cte,9/4/2026,Activo,Circulante,Cuenta corriente,banco bci,,CLP,43140856,1,43140856,,,
pas_bci_tdc_black,9/4/2026,Pasivo,Pasivo Circulante,Tarjeta credito,banco bci,mastercard black,CLP,1350796,1,1350796,,,
cta_scotia_cte,9/4/2026,Activo,Circulante,Cuenta corriente,banco scotiabank,,CLP,39392817,1,39392817,,,
pas_sii_impuestos,9/4/2026,Pasivo,Pasivo a Largo Plazo,Impuestos,sii,27 bis 177 utm,UTM,177,69889,12370353,,,
prop_carmen_590,9/4/2026,Activo,Activo Fijo,Propiedades,(N/A),carmen 590,UF,2100,39854,83693400,,,
prop_huanuco_2290,9/4/2026,Activo,Activo Fijo,Propiedades,(N/A),huanuco 2290,UF,2500,39854,99635000,,,
afp_habitat_obligatorio,9/4/2026,Activo,Activo Fijo,Afp,habitat,ahorro obligatorio,CLP,48655595,1,48655595,,,
cta_estado_vista,9/4/2026,Activo,Circulante,Cuenta vista,banco estado,,CLP,318821,1,318821,,,
inv_estado_ahorro,9/4/2026,Activo,Inversión Poco Líquida,Cuenta ahorro,banco estado,,CLP,200000,1,200000,,,
cta_chile_vista,9/4/2026,Activo,Circulante,Cuenta vista,banco chile,,CLP,393,1,393,,,
cta_bice_vista,9/4/2026,Activo,Circulante,Cuenta vista,banco bice,,CLP,55727,1,55727,,,
acc_itau_enelchile,9/4/2026,Activo,Inversión Líquida,Acción,banco itau,enelchile,CLP,1318702,1,1318702,enelchile,,
acc_itau_habitat,9/4/2026,Activo,Inversión Líquida,Acción,banco itau,habitat,CLP,1024301,1,1024301,HABITAT,,
ffm_itau_moneymarket,9/4/2026,Activo,Inversión Líquida,Fondo,banco itau,money market,CLP,25747,1,25747,,,
inv_coopeuch_cuotas,9/4/2026,Activo,Inversión Poco Líquida,Cuotas de Participación,coopeuch,coopeuch,CLP,787520,1,787520,,,
pas_cheque_pie_huanuco,9/4/2026,Pasivo,Pasivo a Largo Plazo,Cheques,inmobiliaria activa,pie huanuco,CLP,17490000,1,17490000,,,
efectivo_cash,1/5/2026,Activo,Circulante,Efectivo,cash,cash,CLP,350000,1,350000,,,
apv_soyfocus_arriesgado_a_25,1/5/2026,Activo,Activo Fijo,Apv,soyfocus,2025 octubre apv-a arriesgado - reg a,CLP,19523692,1,19523692,,,
cta_consorcio_vista,1/5/2026,Activo,Inversión Líquida,Cuenta vista,consorcio,cuenta mas,CLP,55245704,1,55245704,,,
prestamo_s_castro,1/5/2026,Activo,Inversión Poco Líquida,Credito personal,sandor castro,,CLP,3000000,1,3000000,,,
pas_bci_hipotecario,1/5/2026,Pasivo,Pasivo a Largo Plazo,Credito hipotecario,banco bci,hipotecario,CLP,61911128,1,61911128,,,
pas_coopeuch_hipotecario,1/5/2026,Pasivo,Pasivo a Largo Plazo,Credito hipotecario,coopeuch,hipotecario,CLP,65707845,1,65707845,,,
cta_bci_cte,1/5/2026,Activo,Circulante,Cuenta corriente,banco bci,,CLP,262397,1,262397,,,
pas_bci_tdc_black,1/5/2026,Pasivo,Pasivo Circulante,Tarjeta credito,banco bci,mastercard black,CLP,1112920,1,1112920,,,
ffm_bci_competitivo,1/5/2026,Activo,Inversión Líquida,Fondo,banco bci,bci competitivo,CLP,10013475,1,10013475,,,
cta_scotia_cte,1/5/2026,Activo,Circulante,Cuenta corriente,banco scotiabank,,CLP,19470000,1,19470000,,,
pas_sii_impuestos,1/5/2026,Pasivo,Pasivo a Largo Plazo,Impuestos,sii,27 bis 177 utm,UTM,177,70588,12494076,,,
prop_carmen_590,1/5/2026,Activo,Activo Fijo,Propiedades,(N/A),carmen 590,UF,2100,40134,84280350,,,
prop_huanuco_2290,1/5/2026,Activo,Activo Fijo,Propiedades,(N/A),huanuco 2290,UF,2500,40134,100333750,,,
afp_habitat_obligatorio,1/5/2026,Activo,Activo Fijo,Afp,habitat,ahorro obligatorio,CLP,50728992,1,50728992,,,
cta_estado_vista,1/5/2026,Activo,Circulante,Cuenta vista,banco estado,,CLP,299816,1,299816,,,
inv_estado_ahorro,1/5/2026,Activo,Inversión Poco Líquida,Cuenta ahorro,banco estado,,CLP,200000,1,200000,,,
cta_chile_vista,1/5/2026,Activo,Circulante,Cuenta vista,banco chile,,CLP,393,1,393,,,
cta_bice_vista,1/5/2026,Activo,Circulante,Cuenta vista,banco bice,,CLP,70008,1,70008,,,
inv_coopeuch_cuotas,1/5/2026,Activo,Inversión Poco Líquida,Cuotas de Participación,coopeuch,coopeuch,CLP,868480,1,868480,,,
pas_cheque_pie_huanuco,1/5/2026,Pasivo,Pasivo a Largo Plazo,Cheques,inmobiliaria activa,pie huanuco,CLP,16960000,1,16960000,,,
acc_itau_chile,1/5/2026,Activo,Inversión Líquida,Acción,banco itau,banco de chile,CLP,843400,1,843400,CHILE,,
acc_itau_enelchile,1/5/2026,Activo,Inversión Líquida,Acción,banco itau,enelchile,CLP,1383781,1,1383781,enelchile,,
acc_itau_habitat,1/5/2026,Activo,Inversión Líquida,Acción,banco itau,habitat,CLP,1002710,1,1002710,HABITAT,,
ffm_itau_moneymarket,1/5/2026,Activo,Inversión Líquida,Fondo,banco itau,money market,CLP,732650,1,732650,,,
etf_itau_cfietfcc,1/5/2026,Activo,Inversión Líquida,Etf,banco itau,cfietfcc,CLP,10727500,1,10727500,CFIETFCC,,
etf_itau_cfietfcd,1/5/2026,Activo,Inversión Líquida,Etf,banco itau,cfietfcd,CLP,14096500,1,14096500,CFIETFCD,,
etf_itau_cfietfge,1/5/2026,Activo,Inversión Líquida,Etf,banco itau,cfietfge,CLP,6021000,1,6021000,CFIETFGE,,
etf_itau_cfinasdaq,1/5/2026,Activo,Inversión Líquida,Etf,banco itau,cfinasdaq,CLP,3936800,1,3936800,CFINASDAQ,,
alt_betterplan_independencia,1/5/2026,Activo,Inversión Poco Líquida,Fondo,betterplan,independencia rentas inmobiliarias,CLP,13493005,1,13493005,,,
alt_betterplan_mbi,1/5/2026,Activo,Inversión Poco Líquida,Fondo,betterplan,mbi deuda alternativa,CLP,10551372,1,10551372,,,
alt_betterplan_ameris,1/5/2026,Activo,Inversión Poco Líquida,Fondo,betterplan,ameris financiamiento corto plazo,CLP,5736379,1,5736379,,,
cta_betterplan_caja,1/5/2026,Activo,Caja para inversión,Caja para Inversión,betterplan,caja,CLP,350434,1,350434,,,
cta_por_cobrar_servicios,1/5/2026,Activo,Circulante,Cuentas por cobrar,Honorarios por cobrar,Boletas de servicios pendientes,CLP,820719,1,820719,,,